product_id,price,competitor_price,discount,season,holiday_flag,quantity_sold
P007,31.17,35.27,0.065,Spring,0,497
P005,102.49,106.35,0.199,Winter,1,588
P002,43.23,38.82,0.23,Autumn,0,589
P004,47.42,52.08,0.05,Summer,0,520
P008,133.81,111.57,0.013,Summer,0,384
P003,90.73,100.69,0.132,Winter,0,518
P007,185.93,192.62,0.232,Spring,0,492
P002,77.45,65.39,0.195,Autumn,0,545
P001,150.71,125.36,0.211,Spring,0,474
P004,103.0,113.33,0.121,Spring,0,474
P003,138.79,127.29,0.07,Autumn,0,416
P009,127.95,147.87,0.16,Winter,1,542
P004,105.1,116.12,0.061,Autumn,0,443
P005,191.01,206.15,0.218,Winter,0,445
P005,81.69,74.46,0.059,Autumn,0,483
P004,51.9,56.24,0.087,Winter,1,590
P010,142.06,167.53,0.152,Autumn,0,450
P008,172.28,144.13,0.146,Spring,0,400
P002,27.25,25.36,0.18,Winter,0,568
P003,100.93,90.22,0.131,Summer,0,493
P001,180.65,172.94,0.276,Autumn,1,527
P003,154.93,169.95,0.252,Summer,1,605
P007,198.53,196.48,0.264,Spring,0,483
P010,115.65,118.92,0.189,Winter,0,502
P005,138.8,128.48,0.191,Winter,0,499
P001,74.45,63.77,0.183,Autumn,0,511
P001,190.56,172.79,0.13,Summer,0,390
P005,85.94,98.3,0.097,Winter,0,455
P003,152.93,159.2,0.178,Autumn,0,455
P006,92.57,88.05,0.008,Summer,0,408
P002,121.13,135.18,0.002,Summer,0,427
P003,149.56,123.5,0.255,Spring,0,498
P006,111.61,100.62,0.014,Spring,0,401
P003,183.28,163.49,0.157,Autumn,0,401
P004,95.47,114.01,0.184,Winter,0,531
P003,136.47,147.72,0.059,Spring,0,392
P001,81.63,85.48,0.269,Winter,0,561
P004,93.47,74.96,0.057,Winter,0,449
P004,99.21,86.68,0.265,Summer,0,513
P009,42.65,44.96,0.229,Autumn,1,636
P009,36.51,34.75,0.072,Spring,0,488
P005,140.15,163.94,0.045,Winter,0,401
P003,137.99,152.6,0.095,Autumn,0,408
P005,139.32,136.39,0.119,Summer,0,473
P007,23.56,25.91,0.074,Spring,1,565
P004,78.78,93.76,0.3,Winter,1,596
P008,55.61,54.74,0.069,Summer,0,511
P010,160.07,169.2,0.249,Winter,0,484
P005,174.91,204.2,0.048,Autumn,0,343
P002,64.4,57.93,0.294,Winter,0,584
P002,140.21,161.89,0.068,Winter,1,424
P009,43.29,36.32,0.127,Spring,0,511
P005,69.53,73.66,0.168,Summer,0,527
P004,44.96,50.05,0.036,Summer,0,527
P007,71.03,74.29,0.245,Summer,0,595
P010,141.45,141.2,0.082,Spring,0,438
P005,183.86,192.49,0.165,Autumn,0,422
P004,56.45,48.58,0.165,Spring,0,485
P009,117.57,104.19,0.181,Autumn,0,487
P001,146.25,132.79,0.017,Autumn,0,391
P009,191.53,199.02,0.051,Winter,0,364
P006,129.81,126.79,0.048,Autumn,0,413
P001,65.92,59.18,0.091,Summer,0,479
P003,132.59,152.89,0.043,Winter,0,398
P007,77.69,73.77,0.277,Summer,0,613
P008,195.7,191.48,0.154,Summer,0,383
P002,91.94,88.62,0.187,Winter,0,484
P007,143.38,125.14,0.107,Summer,1,494
P010,24.18,26.42,0.083,Spring,0,532
P007,92.01,90.11,0.151,Summer,0,483
P008,177.52,143.17,0.088,Winter,0,383
P002,129.84,153.94,0.103,Spring,0,463
P007,99.91,112.53,0.136,Summer,0,493
P008,188.47,205.32,0.152,Spring,0,398
P002,173.72,199.37,0.295,Autumn,0,565
P004,78.0,90.69,0.067,Summer,0,491
P009,118.02,110.35,0.146,Summer,0,505
P010,108.17,112.97,0.045,Spring,1,503
P002,133.8,139.62,0.105,Autumn,0,425
P008,80.14,72.68,0.215,Autumn,1,571
P006,63.96,56.85,0.052,Winter,0,501
P006,184.28,155.82,0.174,Summer,0,449
P006,186.3,198.17,0.125,Spring,0,365
P009,171.8,191.1,0.015,Winter,0,358
P005,196.08,216.55,0.28,Autumn,0,493
P006,154.1,142.78,0.124,Autumn,0,395
P007,157.64,139.05,0.235,Spring,0,482
P006,157.27,154.35,0.125,Summer,0,403
P009,106.51,108.5,0.281,Winter,0,534
P003,102.16,119.29,0.087,Winter,0,446
P010,63.24,72.72,0.124,Summer,0,519
P007,136.07,158.72,0.228,Winter,0,505
P010,72.08,82.18,0.103,Winter,0,476
P004,66.41,78.75,0.109,Summer,0,553
P005,125.47,123.74,0.298,Winter,0,547
P001,93.8,76.82,0.167,Summer,0,539
P010,59.39,49.5,0.207,Spring,0,544
P009,166.89,159.57,0.193,Autumn,0,436
P003,174.9,157.95,0.248,Autumn,0,504
P001,50.19,43.56,0.259,Spring,0,565
P007,21.35,25.22,0.169,Winter,0,562
P007,80.5,70.69,0.088,Spring,0,491
P006,163.55,193.6,0.007,Winter,0,333
P002,171.05,188.9,0.184,Spring,0,472
P010,44.9,47.43,0.248,Winter,0,586
P005,159.38,170.6,0.135,Winter,0,452
P008,40.83,38.08,0.049,Winter,0,517
P009,90.21,95.49,0.086,Autumn,0,497
P006,199.75,174.72,0.153,Summer,0,392
P001,54.67,64.24,0.251,Autumn,0,559
P009,47.71,43.93,0.052,Summer,1,601
P007,96.1,86.69,0.184,Winter,0,468
P009,131.54,142.65,0.226,Autumn,0,478
P007,187.92,199.68,0.281,Summer,0,520
P010,196.55,192.72,0.035,Autumn,0,353
P009,32.54,34.26,0.278,Autumn,0,601
P003,44.84,38.73,0.18,Spring,0,571
P002,162.33,173.58,0.23,Spring,0,448
P002,68.71,62.41,0.016,Spring,0,451
P008,179.27,162.98,0.152,Spring,0,372
P003,139.42,120.58,0.187,Summer,0,488
P005,40.13,37.44,0.092,Autumn,0,490
P008,169.86,158.39,0.129,Autumn,1,428
P005,51.74,50.79,0.166,Summer,0,561
P001,96.23,84.31,0.166,Winter,0,509
P004,119.39,104.73,0.013,Autumn,1,437
P001,110.14,111.98,0.132,Spring,0,486
P004,143.51,122.21,0.064,Winter,0,393
P008,137.48,147.87,0.275,Autumn,0,524
P006,198.57,233.83,0.293,Autumn,0,490
P007,199.9,194.05,0.09,Autumn,0,363
P002,112.96,131.08,0.053,Autumn,0,450
P008,37.14,31.17,0.066,Spring,0,534
P005,151.01,123.4,0.143,Autumn,0,426
P003,195.8,213.14,0.262,Winter,0,455
P007,77.3,85.37,0.15,Summer,0,540
P002,103.02,117.16,0.017,Autumn,0,429
P005,96.46,79.36,0.012,Spring,0,410
P005,29.26,32.5,0.068,Summer,0,533
P002,141.01,134.05,0.253,Summer,0,501
P010,83.6,77.02,0.186,Winter,0,529
P004,161.74,140.59,0.169,Spring,0,405
P001,169.78,203.47,0.096,Summer,0,403
P005,167.82,138.53,0.279,Summer,0,490
P010,95.0,107.43,0.099,Winter,0,504
P007,77.88,82.23,0.25,Winter,0,572
P007,154.79,169.35,0.269,Spring,0,486
P010,164.25,178.16,0.145,Spring,0,465
P001,108.43,123.98,0.268,Winter,0,571
P006,180.75,157.89,0.083,Spring,0,338
P004,45.9,36.74,0.198,Winter,0,497
P007,178.23,185.25,0.026,Summer,0,353
P009,37.3,35.12,0.142,Winter,1,611
P001,47.63,40.46,0.065,Summer,0,543
P002,116.09,101.52,0.019,Summer,0,392
P010,32.15,29.99,0.001,Autumn,0,532
P005,29.51,24.44,0.097,Spring,0,491
P004,20.09,16.53,0.177,Autumn,1,612
P002,98.54,114.94,0.137,Autumn,0,485
P004,159.43,147.45,0.091,Winter,0,410
P001,26.27,31.34,0.297,Winter,0,633
P003,137.41,162.93,0.282,Autumn,0,560
P002,168.16,144.12,0.038,Summer,0,328
P001,50.24,54.56,0.125,Summer,0,556
P010,46.44,48.31,0.195,Summer,1,628
P008,174.94,188.28,0.22,Winter,0,432
P010,168.16,141.0,0.11,Summer,0,355
P003,117.01,102.43,0.224,Spring,0,526
P003,167.46,139.1,0.037,Summer,0,349
P003,36.7,38.23,0.1,Spring,0,508
P006,91.01,108.72,0.215,Spring,0,537
P002,152.8,163.31,0.188,Spring,0,478
P003,66.34,71.93,0.251,Winter,0,559
P010,155.42,185.55,0.014,Autumn,0,345
P004,110.75,118.64,0.052,Autumn,0,472
P008,155.05,126.53,0.015,Summer,0,374
P003,103.64,118.85,0.058,Autumn,0,442
P010,86.22,81.55,0.001,Spring,1,478
P007,59.45,47.66,0.151,Winter,1,572
P009,57.51,57.68,0.158,Autumn,0,508
P006,155.27,182.41,0.197,Winter,0,483
P010,41.4,37.38,0.115,Spring,0,504
P004,35.48,35.36,0.001,Summer,0,504
P005,51.73,44.98,0.202,Autumn,0,526
P001,51.56,42.44,0.016,Summer,0,465
P002,168.16,139.95,0.26,Summer,0,519
P008,91.73,100.06,0.007,Spring,0,439
P004,198.27,227.14,0.159,Summer,0,436
P002,44.7,38.32,0.268,Spring,0,544
P003,137.64,125.99,0.172,Summer,0,458
P004,100.77,88.48,0.183,Autumn,0,505
P008,90.73,73.56,0.204,Autumn,0,515
P001,177.52,181.31,0.037,Autumn,0,305
P001,195.61,211.25,0.202,Summer,0,459
P008,177.11,187.59,0.264,Winter,0,496
P002,54.61,52.16,0.292,Spring,1,665
P005,59.74,61.05,0.133,Summer,0,518
P007,138.09,115.67,0.103,Spring,0,373
P006,72.04,62.08,0.226,Summer,0,533
P002,152.25,178.55,0.163,Winter,0,437
P008,121.96,134.72,0.077,Summer,0,464
P001,119.16,139.31,0.052,Winter,0,374
P003,169.14,197.33,0.051,Summer,0,384
P002,147.9,156.74,0.138,Autumn,1,520
P006,24.78,29.02,0.051,Summer,0,539
P007,28.9,27.94,0.006,Summer,0,533
P007,128.28,102.81,0.016,Winter,0,338
P002,107.51,88.7,0.279,Winter,0,497
P004,66.83,56.39,0.022,Summer,0,500
P002,95.36,79.93,0.022,Winter,0,421
P004,156.42,147.14,0.135,Summer,0,435
P003,168.79,182.38,0.074,Autumn,0,364
P008,121.02,135.09,0.289,Winter,0,547
P008,89.37,92.59,0.273,Summer,0,546
P009,68.73,59.01,0.121,Autumn,0,523
P003,113.95,125.25,0.135,Summer,0,541
P001,76.65,72.2,0.113,Spring,0,505
P001,121.54,97.86,0.011,Spring,0,373
P009,141.8,129.35,0.088,Summer,0,369
P010,31.89,29.73,0.037,Winter,0,472
P003,20.19,18.37,0.031,Spring,0,556
P009,58.21,65.47,0.168,Summer,0,530
P006,181.01,199.83,0.03,Autumn,0,341
P002,136.33,146.99,0.031,Spring,0,413
P004,50.95,43.59,0.144,Autumn,0,556
P003,180.25,202.44,0.133,Summer,0,424
P008,104.59,112.0,0.041,Winter,0,423
P002,105.7,92.8,0.001,Autumn,0,403
P002,188.4,199.56,0.058,Autumn,0,341
P008,30.71,30.51,0.071,Spring,1,567
P004,58.73,57.31,0.24,Summer,0,582
P003,125.44,105.98,0.275,Winter,0,518
P009,55.19,55.59,0.122,Spring,0,565
P010,142.31,119.54,0.122,Winter,0,424
P006,58.54,50.68,0.214,Summer,0,583
P009,37.85,32.29,0.188,Autumn,0,535
P009,57.26,67.66,0.055,Autumn,0,506
P006,96.09,87.82,0.032,Summer,0,428
P009,51.7,48.71,0.131,Summer,0,544
P001,44.24,41.09,0.169,Autumn,0,559
P001,174.85,202.7,0.042,Spring,0,374
P009,77.67,79.63,0.088,Autumn,0,531
P002,84.94,99.18,0.092,Spring,0,517
P008,29.95,27.55,0.078,Autumn,0,550
P005,84.33,71.34,0.138,Autumn,0,505
P008,67.67,69.19,0.196,Spring,1,628
P007,129.89,121.86,0.153,Winter,0,424
P001,56.97,63.85,0.06,Summer,0,535
P004,179.91,207.21,0.031,Winter,0,332
P008,187.34,185.28,0.247,Spring,0,460
P010,37.97,45.13,0.144,Spring,0,563
P009,39.33,40.16,0.019,Summer,0,533
P009,40.76,37.03,0.077,Spring,0,495
P010,131.52,130.94,0.241,Summer,0,509
P009,41.95,34.19,0.226,Autumn,0,568
P006,173.43,194.52,0.263,Spring,0,502
P004,155.77,130.94,0.181,Autumn,0,456
P006,167.57,154.75,0.127,Spring,1,526
P008,114.69,117.69,0.128,Spring,0,477
P005,199.4,162.95,0.058,Autumn,0,298
P009,27.95,23.25,0.195,Winter,0,538
P008,92.23,99.47,0.176,Spring,0,509
P003,78.31,64.9,0.046,Summer,0,447
P010,190.76,189.01,0.266,Winter,0,483
P009,123.83,115.84,0.111,Winter,0,446
P006,165.11,147.15,0.015,Autumn,0,327
P002,50.66,44.35,0.098,Summer,0,561
P003,196.15,216.82,0.261,Summer,0,481
P009,109.76,129.58,0.275,Autumn,1,601
P001,108.86,93.19,0.147,Autumn,0,482
P005,194.76,230.57,0.287,Summer,0,540
P007,88.53,91.89,0.263,Spring,1,632
P003,91.55,96.74,0.248,Spring,0,557
P009,125.26,135.78,0.258,Winter,0,545
P006,43.05,46.56,0.115,Summer,0,529
P001,77.8,87.75,0.227,Summer,0,579
P004,54.78,54.42,0.173,Summer,0,569
P004,38.59,39.1,0.216,Winter,0,596
P003,175.91,163.51,0.053,Spring,0,321
P010,126.08,106.17,0.219,Spring,0,474
P004,84.56,90.13,0.287,Summer,0,596
P006,93.56,76.11,0.091,Summer,0,415
P006,97.67,88.9,0.296,Autumn,0,564
P003,133.97,112.23,0.114,Summer,0,457
P006,186.82,163.71,0.06,Summer,1,387
P004,187.9,198.33,0.034,Winter,1,376
P001,90.47,95.12,0.235,Spring,0,522
P005,79.27,76.77,0.166,Autumn,0,502
P006,101.19,84.6,0.092,Autumn,0,439
P002,122.23,118.97,0.183,Summer,0,481
P008,103.13,97.06,0.1,Winter,0,438
P007,138.58,150.8,0.135,Summer,0,458
P004,119.79,123.58,0.259,Winter,0,518
P006,77.73,77.47,0.2,Summer,0,580
P004,82.23,81.8,0.229,Autumn,0,532
P007,88.15,104.59,0.175,Autumn,1,577
P002,37.04,40.84,0.297,Winter,0,587
P007,49.89,49.83,0.072,Summer,0,504
P001,150.16,148.91,0.079,Summer,1,428
P001,90.04,72.99,0.028,Spring,0,403
P003,58.62,69.0,0.166,Summer,0,527
P002,121.28,112.51,0.184,Winter,0,480
P005,156.0,140.77,0.218,Spring,0,492
P002,66.34,79.59,0.101,Winter,0,467
P003,168.82,183.59,0.004,Autumn,0,334
P001,186.95,153.1,0.19,Spring,0,389
P009,127.53,105.18,0.3,Summer,0,535
P008,140.41,113.76,0.088,Autumn,0,422
P003,29.46,30.63,0.055,Summer,0,524
P002,190.19,157.6,0.085,Spring,0,346
P009,90.65,106.36,0.128,Autumn,0,525
P007,186.3,218.86,0.075,Autumn,0,389
P009,124.22,126.51,0.104,Spring,0,432
P002,20.83,21.8,0.191,Summer,0,591
P004,26.94,24.7,0.104,Spring,0,526
P002,142.48,117.63,0.119,Autumn,0,425
P005,121.28,132.8,0.012,Autumn,0,414
P002,24.78,20.83,0.275,Autumn,1,621
P001,153.82,128.32,0.122,Winter,0,406
P006,173.39,160.3,0.098,Winter,0,374
P010,109.36,88.03,0.026,Summer,0,428
P007,103.84,101.1,0.19,Spring,0,523
P008,20.99,22.73,0.259,Autumn,0,609
P009,161.6,181.08,0.012,Winter,1,401
P010,79.53,82.85,0.044,Winter,0,477
P002,178.18,202.9,0.044,Spring,0,351
P003,87.15,83.89,0.181,Spring,1,540
P007,121.71,138.69,0.276,Spring,0,483
P009,68.66,68.84,0.131,Spring,0,512
P008,48.91,43.49,0.103,Autumn,0,498
P008,159.48,187.81,0.23,Autumn,0,505
P004,109.39,99.54,0.223,Summer,0,482
P004,116.57,94.48,0.074,Summer,0,420
P001,193.77,173.83,0.048,Winter,0,328
P004,193.44,183.12,0.107,Summer,0,358
P002,174.02,163.67,0.233,Winter,1,518
P010,53.77,54.3,0.209,Winter,0,540
P001,126.97,146.43,0.2,Summer,0,512
P004,178.07,163.28,0.249,Spring,0,484
P009,87.4,88.13,0.083,Winter,1,535
P010,38.2,35.76,0.102,Autumn,0,528
P004,165.97,187.33,0.013,Summer,0,353
P005,106.72,92.1,0.261,Autumn,0,518
P006,121.59,102.31,0.175,Autumn,0,482
P009,196.79,197.03,0.089,Winter,0,334
P008,129.3,138.19,0.021,Summer,0,406
P006,96.5,107.91,0.217,Winter,0,518
P004,86.6,89.7,0.225,Winter,0,530
P004,95.17,105.59,0.2,Spring,0,506
P007,41.31,39.54,0.061,Spring,0,475
P009,163.06,132.59,0.274,Autumn,0,495
P001,170.79,144.56,0.226,Spring,0,476
P008,71.19,58.05,0.197,Summer,1,553
P005,74.68,69.57,0.195,Summer,0,547
P002,177.38,177.06,0.271,Winter,0,508
P001,24.31,22.91,0.278,Winter,0,609
P004,113.68,116.44,0.179,Spring,0,487
P003,103.46,102.66,0.125,Winter,0,449
P002,144.22,154.49,0.109,Spring,0,436
P003,49.41,52.71,0.246,Autumn,0,579
P009,140.3,130.09,0.193,Winter,0,466
P008,87.81,82.41,0.023,Winter,0,430
P003,131.37,135.84,0.043,Spring,0,386
P007,27.22,28.27,0.27,Winter,0,603
P005,103.11,95.47,0.265,Spring,0,550
P008,114.01,106.27,0.286,Autumn,0,543
P003,58.58,63.13,0.128,Summer,0,535
P001,45.13,47.79,0.235,Summer,0,619
P004,53.93,46.06,0.248,Spring,1,607
P010,81.95,80.02,0.095,Winter,1,551
P006,37.43,43.31,0.044,Summer,0,508
P001,190.52,155.18,0.299,Autumn,0,501
P010,92.9,106.1,0.009,Summer,0,473
P009,165.61,143.3,0.179,Summer,0,437
P006,195.4,195.97,0.195,Winter,0,458
P008,34.53,33.48,0.205,Spring,0,582
P002,137.3,110.4,0.077,Autumn,0,380
P006,176.85,206.24,0.216,Autumn,1,517
P010,134.16,131.74,0.065,Summer,0,443
P005,97.22,114.89,0.249,Summer,0,579
P001,97.59,89.27,0.066,Spring,0,428
P008,26.46,30.34,0.209,Winter,0,572
P008,116.23,135.87,0.235,Winter,1,578
P008,198.84,203.36,0.057,Spring,0,331
P007,192.57,169.67,0.071,Spring,0,388
P002,27.27,29.29,0.234,Spring,0,595
P002,147.04,149.92,0.026,Spring,0,379
P008,74.32,87.53,0.057,Winter,0,499
P009,182.54,178.11,0.137,Winter,0,389
P001,28.12,25.52,0.279,Spring,0,623
P006,188.46,161.19,0.169,Autumn,0,368
P006,170.75,184.32,0.116,Spring,0,405
P004,41.15,48.95,0.294,Summer,0,634
P007,30.77,24.96,0.139,Autumn,0,576
P010,170.25,186.62,0.13,Autumn,0,405
P009,48.04,56.24,0.123,Winter,0,509
P002,116.28,96.5,0.094,Spring,0,448
P005,184.83,156.01,0.098,Spring,0,350
P010,122.14,131.52,0.206,Summer,1,559
P003,91.5,96.92,0.012,Summer,0,465
P009,100.1,82.84,0.205,Winter,0,489
P005,31.36,35.55,0.06,Winter,0,479
P006,194.38,196.2,0.115,Summer,0,365
P003,75.92,88.29,0.044,Winter,0,468
P010,54.09,62.27,0.166,Summer,0,517
P006,71.49,80.43,0.219,Autumn,0,544
P006,193.59,194.82,0.106,Summer,1,407
P005,36.97,33.3,0.049,Spring,0,544
P001,176.11,176.53,0.068,Winter,0,406
P008,147.41,123.87,0.245,Spring,0,466
P004,169.4,180.16,0.08,Spring,0,397
P003,195.66,167.01,0.232,Spring,0,420
P008,171.59,172.36,0.099,Summer,0,397
P002,189.81,155.98,0.057,Spring,0,365
P007,42.85,39.41,0.218,Spring,0,559
P005,163.24,145.75,0.141,Autumn,0,408
P008,118.22,123.9,0.009,Winter,0,379
P001,117.83,131.35,0.288,Spring,0,577
P008,181.81,149.62,0.044,Summer,0,273
P003,194.92,222.23,0.106,Autumn,0,379
P009,146.87,168.06,0.115,Winter,0,432
P004,106.93,100.18,0.147,Autumn,0,463
P001,102.15,108.65,0.236,Winter,0,545
P005,89.54,86.05,0.002,Autumn,0,451
P001,85.09,73.32,0.28,Summer,0,537
P003,90.47,91.51,0.194,Spring,0,564
P008,36.16,30.18,0.285,Winter,1,611
P006,33.94,39.08,0.245,Winter,0,609
P008,160.38,187.6,0.278,Spring,0,531
P009,100.29,113.19,0.18,Autumn,1,550
P005,187.52,192.21,0.107,Spring,0,378
P006,130.2,133.2,0.133,Autumn,0,452
P001,26.33,31.43,0.197,Winter,0,576
P003,48.35,43.47,0.128,Spring,0,510
P008,57.05,47.37,0.22,Summer,0,558
P001,195.63,200.48,0.028,Spring,0,311
P004,59.37,55.3,0.249,Autumn,0,539
P002,112.84,104.82,0.061,Winter,0,406
P009,188.51,151.34,0.283,Spring,0,449
P006,195.89,203.43,0.047,Summer,1,390
P007,62.54,56.64,0.039,Winter,0,478
P007,28.84,25.24,0.244,Summer,0,600
P003,47.65,38.89,0.246,Spring,0,612
P001,31.4,29.7,0.222,Summer,0,544
P004,55.12,63.48,0.288,Autumn,0,599
P002,122.34,114.35,0.081,Autumn,0,427
P004,184.24,197.44,0.248,Summer,0,508
P004,116.7,128.68,0.106,Winter,0,468
P008,132.68,123.56,0.161,Autumn,0,455
P004,56.34,63.59,0.134,Summer,0,542
P002,164.11,176.71,0.002,Winter,0,329
P010,131.2,134.31,0.172,Winter,0,481
P001,175.54,140.5,0.224,Summer,0,417
P003,190.79,155.31,0.052,Spring,0,339
P004,82.62,98.84,0.279,Autumn,1,621
P001,36.3,40.4,0.159,Autumn,0,543
P009,60.67,71.29,0.053,Spring,0,491
P004,98.81,114.71,0.194,Autumn,0,516
P008,190.22,153.73,0.058,Winter,0,345
P002,88.1,98.38,0.019,Spring,0,514
P006,158.74,155.64,0.206,Autumn,0,489
P002,117.29,130.87,0.033,Spring,0,413
P003,52.91,42.47,0.032,Autumn,0,491
P005,77.73,71.14,0.222,Summer,1,612
P009,137.57,151.4,0.017,Spring,1,424
P004,141.11,157.65,0.243,Winter,0,482
P008,98.26,102.97,0.239,Spring,0,538
P001,61.16,56.3,0.042,Autumn,0,493
P003,149.94,138.57,0.156,Spring,0,410
P007,50.4,59.81,0.029,Winter,0,474
P005,188.6,184.01,0.19,Autumn,0,440
P006,53.82,52.68,0.019,Winter,0,475
P007,39.32,40.14,0.283,Summer,0,635
P001,109.58,105.61,0.062,Summer,0,417
P007,113.52,115.91,0.205,Autumn,0,552
P009,111.47,108.45,0.038,Winter,0,385
P008,98.6,111.49,0.063,Winter,0,411
P003,199.07,231.64,0.135,Spring,0,408
P004,107.53,126.12,0.172,Autumn,0,480
P010,106.03,108.76,0.3,Spring,1,611
P008,95.92,93.7,0.008,Summer,0,434
P010,32.03,34.66,0.0,Winter,1,541
P010,126.73,143.88,0.105,Summer,0,445
P005,61.03,62.57,0.11,Winter,0,513
P002,134.77,145.55,0.265,Summer,0,530
P003,29.15,32.06,0.274,Spring,0,625
P003,196.65,210.53,0.264,Summer,0,489
P009,104.42,114.7,0.043,Autumn,0,419
P003,181.42,160.28,0.124,Winter,0,346
P004,105.6,105.53,0.224,Autumn,0,516
P009,30.86,31.95,0.094,Winter,1,554
P002,168.0,134.57,0.199,Winter,1,453
P007,136.67,156.13,0.071,Winter,0,429
P006,160.72,167.79,0.097,Autumn,0,369
P010,97.07,82.67,0.258,Summer,0,574
P005,134.83,151.89,0.075,Summer,0,440
P006,174.12,189.24,0.289,Spring,0,517
P009,133.59,147.39,0.092,Summer,0,425
P010,82.58,79.01,0.007,Winter,0,449
P008,139.26,158.99,0.076,Summer,0,435
P007,140.93,136.08,0.051,Spring,0,382
P009,192.91,198.35,0.152,Autumn,0,410
P010,86.76,69.43,0.034,Winter,0,399
P008,96.51,102.1,0.188,Winter,0,476
P003,166.18,180.68,0.262,Summer,0,492
P007,111.04,114.02,0.109,Summer,0,478
P003,152.58,152.37,0.051,Autumn,1,432
P006,102.75,115.49,0.12,Spring,0,504
P005,58.79,63.06,0.236,Summer,0,557
P010,154.14,140.46,0.177,Spring,0,461
P006,43.61,51.62,0.03,Winter,0,494
P010,55.75,60.37,0.161,Autumn,0,517
P009,132.83,158.76,0.14,Winter,0,471
P009,154.51,183.64,0.098,Winter,0,419
P002,181.04,211.38,0.033,Winter,0,341
P008,69.07,76.13,0.294,Spring,0,587
P003,39.93,41.68,0.053,Winter,0,502
P006,192.09,166.9,0.058,Spring,0,329
P005,47.8,48.63,0.044,Summer,0,500
P003,55.58,61.48,0.171,Autumn,0,515
P010,72.44,73.04,0.133,Summer,0,520
P009,115.29,132.27,0.075,Spring,0,434
P006,178.91,150.98,0.129,Spring,0,368
P001,156.9,149.43,0.202,Winter,0,452
P002,147.47,147.82,0.085,Summer,0,434
P003,51.53,50.14,0.275,Summer,0,597
P010,84.38,71.17,0.092,Winter,0,454
P005,106.11,91.4,0.059,Spring,0,421
P001,46.54,52.83,0.286,Winter,0,602
P006,69.22,68.79,0.243,Winter,0,504
P010,75.5,61.87,0.103,Autumn,0,498
P006,42.91,34.61,0.252,Spring,0,541
P005,119.04,117.78,0.156,Spring,0,448
P002,146.91,127.19,0.104,Summer,0,408
P009,32.59,35.26,0.252,Autumn,0,632
P002,106.6,119.19,0.226,Spring,1,614
P010,160.8,143.32,0.089,Summer,0,411
P003,154.64,160.34,0.182,Spring,0,470
P002,166.71,143.67,0.111,Autumn,0,351
P004,100.68,92.77,0.0,Spring,0,418
P001,167.7,193.78,0.289,Autumn,1,563
P001,63.34,64.46,0.165,Spring,0,517
P002,84.95,98.06,0.18,Spring,0,531
P007,51.74,46.05,0.18,Spring,1,586
P009,104.15,97.07,0.165,Winter,0,501
P003,90.57,89.52,0.087,Spring,0,432
P007,63.37,62.87,0.291,Summer,0,594
P004,155.32,186.24,0.187,Autumn,0,459
P005,76.49,64.69,0.201,Autumn,0,517
P004,69.1,78.83,0.136,Autumn,0,523
P009,43.56,49.9,0.086,Winter,0,494
P006,98.99,101.1,0.019,Summer,0,443
P006,74.53,69.88,0.105,Winter,0,481
P009,86.47,87.13,0.053,Summer,0,456
P007,62.48,57.29,0.199,Winter,0,527
P002,157.37,176.2,0.264,Autumn,1,559
P002,187.4,187.27,0.091,Autumn,0,354
P004,109.63,128.3,0.1,Winter,0,462
P001,135.74,142.4,0.201,Winter,0,477
P007,176.09,177.1,0.045,Winter,0,337
P005,199.79,216.66,0.279,Autumn,1,572
P001,130.43,130.64,0.109,Spring,0,450
P005,180.16,209.31,0.03,Summer,0,360
P009,183.55,160.38,0.052,Spring,0,342
P010,162.46,193.22,0.28,Winter,0,501
P010,102.97,115.83,0.074,Spring,0,451
P010,34.61,39.6,0.199,Spring,0,567
P007,22.84,22.68,0.047,Spring,0,504
P010,105.9,120.18,0.058,Autumn,1,504
P010,108.98,100.56,0.264,Autumn,1,571
P007,93.33,103.11,0.044,Winter,0,439
P005,122.27,104.69,0.006,Summer,1,432
P010,119.39,110.18,0.15,Summer,0,536
P005,170.59,166.89,0.259,Spring,0,477
P002,39.56,36.75,0.098,Spring,0,486
P002,60.53,57.79,0.038,Summer,1,507
P006,162.74,183.58,0.295,Winter,1,589
P001,172.61,155.81,0.203,Autumn,0,469
P002,199.07,218.6,0.255,Winter,0,459
P003,177.12,146.92,0.226,Spring,0,475
P006,180.18,199.33,0.209,Spring,0,481
P005,76.58,85.53,0.115,Winter,0,492
P006,92.3,88.67,0.097,Spring,0,467
P006,68.26,74.33,0.215,Spring,0,556
P010,129.13,150.57,0.215,Summer,0,538
P003,188.98,211.71,0.285,Winter,0,509
P005,82.04,78.44,0.171,Autumn,0,498
P007,120.26,119.5,0.088,Spring,1,487
P003,73.33,81.52,0.147,Winter,0,552
P002,50.56,46.37,0.184,Winter,0,546
P001,55.13,61.83,0.128,Winter,0,538
P004,30.43,28.34,0.237,Winter,1,639
P003,190.87,214.23,0.175,Spring,0,443
P002,92.52,77.23,0.003,Winter,0,415
P003,170.14,139.13,0.171,Summer,0,447
P007,142.64,171.04,0.19,Winter,0,498
P009,54.55,62.61,0.275,Autumn,0,590
P006,51.58,59.48,0.124,Winter,0,510
P001,166.16,196.15,0.172,Autumn,0,465
P008,67.65,65.98,0.142,Autumn,0,512
P002,184.39,168.67,0.159,Autumn,1,450
P001,45.21,38.52,0.02,Winter,1,585
P006,141.99,142.06,0.269,Autumn,0,484
P005,166.61,147.95,0.273,Spring,0,512
P004,62.35,73.21,0.164,Winter,0,514
P010,69.72,55.89,0.167,Autumn,1,568
P001,193.61,165.98,0.017,Summer,0,361
P001,67.63,60.77,0.179,Autumn,0,507
P006,97.39,85.66,0.129,Winter,0,455
P005,97.85,87.12,0.213,Winter,0,509
P009,65.55,69.64,0.014,Winter,0,445
P001,159.64,148.63,0.213,Summer,0,493
P005,158.93,166.24,0.086,Winter,0,385
P002,88.1,101.85,0.196,Summer,0,553
P001,170.32,177.31,0.188,Autumn,0,423
P005,58.35,62.89,0.068,Autumn,0,460
P008,20.78,19.66,0.132,Spring,0,554
P002,122.81,106.09,0.251,Summer,0,490
P009,198.93,184.65,0.182,Spring,0,443
P006,26.96,31.97,0.021,Spring,0,487
P005,57.44,60.24,0.133,Summer,0,514
P010,113.4,103.31,0.094,Summer,0,462
P004,165.79,162.53,0.192,Spring,0,442
P003,36.03,40.87,0.184,Summer,0,544
P008,91.14,97.28,0.003,Autumn,0,473
P002,154.47,158.22,0.182,Spring,0,442
P009,86.88,100.27,0.22,Summer,1,598
P009,53.99,57.71,0.231,Summer,1,623
P010,55.19,58.34,0.018,Autumn,0,493
P005,93.81,82.17,0.091,Summer,0,480
P007,106.3,89.56,0.126,Autumn,0,444
P009,175.13,207.71,0.054,Summer,0,384
P002,135.61,140.97,0.126,Summer,0,453
P004,144.27,139.4,0.021,Summer,0,399
P005,196.94,203.95,0.034,Spring,0,307
P007,94.13,77.63,0.201,Autumn,0,548
P007,92.6,104.53,0.079,Spring,0,458
P010,186.2,165.1,0.213,Summer,1,497
P005,64.26,72.09,0.014,Winter,0,442
P002,151.37,153.45,0.169,Winter,0,422
P002,155.82,141.89,0.117,Autumn,0,391
P009,37.6,30.53,0.239,Winter,1,601
P005,104.28,117.45,0.235,Winter,0,521
P007,56.1,48.84,0.113,Summer,0,502
P006,53.37,43.8,0.187,Winter,0,550
P009,103.49,114.08,0.068,Summer,0,448
P003,72.1,67.78,0.174,Summer,0,516
P002,163.29,156.06,0.024,Autumn,0,342
P008,183.37,164.82,0.13,Winter,0,403
P005,164.49,188.12,0.055,Winter,0,386
P009,67.89,62.39,0.265,Summer,0,573
P002,69.34,61.3,0.133,Autumn,0,476
P003,65.85,60.83,0.177,Spring,0,509
P010,44.31,39.05,0.108,Winter,0,491
P009,189.88,176.03,0.087,Autumn,0,382
P001,92.37,76.96,0.061,Autumn,0,455
P009,60.44,52.18,0.274,Winter,0,549
P001,172.4,166.68,0.24,Autumn,0,461
P002,91.86,105.8,0.04,Spring,0,440
P009,26.32,21.66,0.224,Summer,0,574
P002,49.15,43.5,0.126,Spring,0,536
P004,135.07,157.13,0.005,Autumn,1,434
P002,160.92,186.02,0.159,Spring,0,497
P006,57.97,62.13,0.039,Spring,1,564
P001,185.13,165.91,0.063,Autumn,0,368
P003,173.18,167.63,0.209,Autumn,0,466
P004,172.71,152.76,0.077,Autumn,0,355
P007,60.98,51.92,0.268,Winter,0,575
P005,29.1,27.7,0.197,Winter,0,559
P002,176.14,181.48,0.25,Spring,0,519
P005,75.04,70.84,0.185,Winter,1,578
P005,131.4,137.22,0.261,Autumn,0,527
P004,156.79,144.01,0.109,Autumn,1,456
P006,43.09,40.43,0.165,Spring,0,584
P004,160.55,179.22,0.155,Autumn,0,417
P004,188.93,217.52,0.271,Autumn,0,537
P008,151.11,140.35,0.049,Autumn,0,373
P003,99.42,102.26,0.173,Spring,1,527
P004,177.8,162.02,0.226,Autumn,1,488
P002,114.94,94.4,0.111,Winter,1,455
P007,154.06,168.72,0.26,Autumn,1,573
P008,167.69,145.62,0.112,Spring,0,372
P007,154.88,150.28,0.052,Winter,0,377
P002,71.81,71.44,0.175,Winter,0,543
P005,41.21,36.01,0.126,Spring,0,521
P003,62.9,52.7,0.005,Winter,0,447
P008,110.52,103.8,0.021,Summer,0,396
P004,110.95,131.02,0.059,Autumn,0,437
P005,124.88,130.63,0.231,Summer,0,574
P005,91.12,86.8,0.268,Winter,0,560
P008,161.64,131.83,0.164,Winter,0,412
P008,184.37,191.76,0.032,Winter,0,323
P009,64.41,53.9,0.16,Winter,0,514
P005,152.57,155.17,0.257,Winter,0,501
P009,142.03,156.34,0.225,Spring,0,495
P009,114.16,110.67,0.087,Summer,0,463
P006,53.94,49.61,0.037,Autumn,0,464
P007,163.14,133.6,0.27,Autumn,0,464
P010,192.91,156.24,0.256,Spring,0,460
P009,149.93,145.73,0.016,Spring,0,343
P003,185.21,213.61,0.247,Autumn,0,502
P008,197.15,176.97,0.029,Autumn,0,306
P005,83.37,85.84,0.019,Spring,0,413
P002,134.88,144.82,0.228,Spring,0,510
P004,105.31,86.81,0.161,Spring,0,448
P010,197.59,170.17,0.124,Autumn,0,378
P010,36.89,34.4,0.271,Spring,0,589
P008,94.23,100.64,0.252,Autumn,0,582
P010,177.6,173.27,0.017,Summer,0,364
P006,71.13,77.79,0.185,Summer,0,525
P008,161.8,185.59,0.232,Autumn,0,453
P002,88.9,98.09,0.165,Autumn,0,496
P003,196.4,235.07,0.295,Autumn,0,492
P002,179.04,197.26,0.206,Winter,0,493
P010,74.24,84.7,0.031,Winter,0,462
P007,158.63,179.72,0.059,Winter,0,408
P010,80.63,88.06,0.248,Autumn,0,548
P005,129.15,144.74,0.299,Summer,0,558
P005,138.53,162.62,0.03,Spring,0,404
P007,169.33,167.65,0.03,Autumn,0,372
P006,24.4,25.75,0.229,Spring,0,597
P004,59.63,59.99,0.019,Winter,0,447
P004,148.15,168.95,0.021,Winter,0,411
P006,121.43,118.1,0.267,Spring,0,525
P001,109.21,123.18,0.24,Winter,0,519
P002,29.94,33.53,0.264,Spring,0,543
P001,82.69,97.97,0.195,Autumn,0,546
P002,175.72,158.07,0.097,Spring,0,380
P002,25.56,27.7,0.272,Summer,0,615
P001,91.36,100.75,0.09,Autumn,0,466
P001,190.13,223.31,0.083,Autumn,0,370
P009,29.16,33.91,0.266,Summer,0,602
P002,154.95,159.51,0.204,Winter,0,476
P006,66.37,68.47,0.269,Winter,0,579
P001,175.99,152.57,0.047,Spring,0,339
P010,154.29,183.6,0.286,Autumn,0,553
P003,179.43,161.85,0.184,Autumn,0,423
P008,58.87,64.16,0.2,Summer,0,552
P007,115.63,129.31,0.274,Autumn,0,549
P008,160.27,156.5,0.114,Winter,0,377
P007,64.23,56.81,0.216,Winter,0,545
P006,61.53,53.87,0.192,Winter,0,502
P008,24.89,28.44,0.236,Autumn,0,569
P009,192.53,193.36,0.269,Summer,1,501
P004,147.8,123.57,0.204,Winter,0,452
P010,134.4,146.07,0.02,Summer,0,437
P010,153.92,138.54,0.055,Autumn,0,371
P008,115.69,133.11,0.286,Summer,0,578
P010,105.7,97.65,0.291,Summer,0,606
P002,100.92,88.82,0.29,Spring,0,559
P006,135.28,112.82,0.011,Winter,0,347
P007,56.28,56.54,0.115,Spring,0,506
P010,179.85,176.31,0.228,Spring,1,514
P002,166.12,182.82,0.226,Winter,0,465
P009,82.92,81.75,0.026,Autumn,0,436
P001,124.15,116.39,0.183,Summer,1,560
P004,45.38,41.05,0.043,Autumn,0,516
P007,195.02,177.71,0.148,Summer,0,367
P003,182.52,213.76,0.072,Spring,0,369
P009,185.94,161.03,0.016,Autumn,0,299
P010,79.79,95.37,0.024,Spring,0,476
P002,50.44,46.95,0.273,Autumn,1,653
P003,58.12,48.55,0.223,Winter,0,601
P001,36.2,32.56,0.28,Winter,0,579
P008,41.62,34.27,0.141,Summer,0,538
P009,32.83,36.64,0.124,Winter,0,551
P007,198.17,199.17,0.108,Autumn,0,356
P002,33.33,31.16,0.185,Summer,0,570
P002,43.86,46.7,0.105,Spring,1,571
P001,168.91,177.74,0.224,Summer,0,433
P005,124.44,146.34,0.24,Autumn,0,528
P008,159.4,188.81,0.263,Winter,0,509
P002,133.56,143.21,0.073,Spring,0,450
P009,178.79,201.52,0.158,Autumn,1,483
P003,134.92,150.7,0.067,Winter,0,391
P006,113.98,113.58,0.011,Winter,0,395
P007,148.29,160.42,0.212,Summer,0,456
P006,100.53,83.57,0.165,Spring,0,464
P005,82.29,90.78,0.217,Summer,0,564
P004,104.18,123.43,0.026,Winter,0,426
P005,50.55,42.16,0.299,Winter,0,602
P003,163.38,185.35,0.298,Autumn,0,491
P003,66.93,78.52,0.139,Spring,0,520
P008,47.64,42.42,0.26,Spring,0,570
P009,64.34,64.98,0.073,Summer,0,521
P009,171.57,200.93,0.221,Autumn,1,546
P004,79.44,94.06,0.264,Spring,0,583
P004,143.49,122.13,0.244,Autumn,0,518
P001,174.15,163.63,0.244,Autumn,0,463
P003,33.99,36.68,0.139,Spring,0,578
P006,157.7,140.14,0.246,Spring,0,463
P003,75.38,70.1,0.207,Summer,0,523
P008,58.99,47.74,0.04,Autumn,0,490
P001,144.0,124.04,0.034,Winter,0,336
P005,183.76,188.34,0.232,Summer,0,488
P003,73.1,77.58,0.188,Summer,0,546
P005,122.39,129.68,0.156,Winter,0,492
P001,72.17,80.21,0.272,Summer,0,582
P005,119.77,115.71,0.198,Summer,0,505
P008,131.94,119.99,0.119,Summer,0,457
P009,129.86,104.7,0.124,Spring,0,422
P003,132.24,116.72,0.182,Summer,0,464
P005,44.31,40.98,0.228,Autumn,0,577
P007,144.84,126.2,0.169,Winter,0,441
P005,141.46,114.31,0.153,Autumn,0,427
P006,142.87,123.29,0.218,Winter,0,469
P004,33.33,35.54,0.212,Autumn,0,606
P009,100.43,105.64,0.249,Spring,0,533
P007,93.63,109.95,0.019,Summer,1,495
P010,35.61,39.86,0.226,Winter,0,540
P008,60.03,61.66,0.154,Spring,0,531
P004,99.37,84.96,0.022,Winter,0,428
P004,153.72,157.66,0.204,Autumn,0,488
P001,62.67,51.68,0.215,Summer,0,557
P007,169.35,164.67,0.157,Winter,0,440
P008,118.24,113.05,0.238,Winter,0,524
P004,156.88,152.35,0.09,Spring,0,424
P001,105.06,95.81,0.061,Spring,0,458
P009,109.85,118.02,0.105,Autumn,1,543
P003,131.55,149.49,0.123,Winter,0,448
P006,187.03,207.12,0.209,Spring,0,434
P001,108.53,114.08,0.254,Autumn,0,548
P001,115.16,116.93,0.216,Spring,0,528
P009,128.36,104.28,0.052,Autumn,0,427
P007,152.75,166.37,0.11,Autumn,1,500
P001,32.93,33.52,0.048,Spring,0,557
P002,112.82,102.47,0.206,Autumn,0,510
P005,106.69,99.34,0.074,Winter,0,441
P007,185.9,218.29,0.158,Winter,0,401
P005,108.83,114.24,0.238,Spring,0,537
P009,104.3,103.3,0.201,Spring,1,551
P007,193.2,202.54,0.09,Spring,0,376
P007,101.1,97.61,0.1,Summer,0,474
P003,52.56,51.93,0.196,Spring,0,563
P007,59.04,54.09,0.165,Winter,0,523
P009,37.13,36.24,0.029,Winter,0,516
P001,20.1,21.59,0.262,Winter,0,542
P008,97.75,79.76,0.154,Spring,0,489
P009,158.46,177.16,0.142,Spring,0,468
P005,152.02,138.82,0.06,Winter,0,413
P008,25.79,27.67,0.113,Summer,0,572
P004,122.6,129.6,0.1,Autumn,0,479
P002,47.77,50.69,0.081,Winter,0,511
P009,189.39,197.58,0.17,Spring,0,427
P004,50.13,59.34,0.139,Spring,0,550
P008,132.8,133.24,0.267,Spring,0,525
P004,78.72,86.04,0.282,Spring,0,559
P004,135.48,146.61,0.066,Spring,0,410
P007,94.21,84.27,0.03,Winter,0,405
P004,156.74,143.15,0.236,Autumn,0,488
P009,61.52,59.65,0.298,Winter,0,580
P001,183.04,166.76,0.259,Winter,0,458
P001,110.04,104.17,0.007,Winter,0,389
P001,156.1,149.29,0.075,Spring,0,402
P003,172.95,180.14,0.013,Summer,0,368
P001,199.79,177.4,0.246,Winter,0,418
P004,60.31,67.65,0.174,Spring,0,517
P001,71.64,69.85,0.154,Spring,0,538
P008,65.08,70.45,0.166,Autumn,0,503
P002,67.32,56.05,0.076,Winter,0,487
P010,124.84,123.34,0.18,Winter,0,508
P009,198.83,161.31,0.009,Winter,0,309
P007,198.25,212.2,0.194,Spring,0,453
P008,114.82,107.64,0.22,Winter,0,516
P008,135.02,159.28,0.202,Winter,0,539
P009,174.79,162.49,0.1,Autumn,0,334
P006,187.93,192.73,0.248,Winter,0,458
P007,56.69,51.19,0.215,Winter,0,564
P005,115.14,120.67,0.038,Summer,0,426
P007,169.91,167.67,0.059,Spring,0,395
P004,74.58,70.72,0.191,Summer,0,538
P002,99.17,87.42,0.087,Spring,0,458
P010,197.41,166.73,0.036,Spring,0,303
P007,197.31,167.31,0.046,Spring,0,305
P008,183.1,219.65,0.05,Autumn,0,359
P003,163.72,157.98,0.143,Autumn,0,427
P008,68.44,54.8,0.182,Autumn,0,507
P006,77.75,91.84,0.053,Autumn,0,494
P001,118.51,95.76,0.214,Autumn,1,553
P010,120.94,117.0,0.084,Autumn,1,504
P010,110.99,120.65,0.093,Spring,0,437
P009,134.6,156.92,0.067,Winter,0,386
P005,93.5,101.46,0.236,Summer,0,551
P003,154.85,152.6,0.288,Spring,0,577
P001,80.04,95.23,0.148,Winter,0,536
P008,79.52,64.87,0.013,Autumn,0,426
P009,42.9,51.26,0.078,Spring,0,531
P002,53.97,61.51,0.047,Spring,0,513
P007,173.09,202.79,0.253,Spring,0,477
P001,100.33,90.49,0.025,Summer,0,461
P008,61.02,52.29,0.29,Spring,0,577
P001,156.68,166.92,0.177,Autumn,1,505
P010,119.72,120.48,0.155,Autumn,0,473
P002,23.81,24.03,0.254,Winter,0,614
P005,76.95,90.02,0.008,Autumn,0,440
P007,51.86,54.35,0.233,Autumn,0,533
P009,138.06,127.63,0.035,Autumn,0,390
P004,69.51,66.73,0.252,Spring,0,521
P010,31.69,27.04,0.159,Spring,1,600
P001,29.89,26.21,0.018,Autumn,0,528
P005,124.71,106.92,0.25,Spring,0,522
P010,23.91,26.88,0.008,Spring,0,537
P003,172.78,186.94,0.042,Spring,1,429
P006,47.97,48.55,0.239,Winter,0,615
P005,129.18,122.69,0.139,Summer,1,501
P004,100.04,106.78,0.264,Autumn,0,555
P008,99.71,112.19,0.191,Summer,0,519
P006,32.92,37.94,0.187,Spring,0,590
P008,164.5,167.59,0.088,Summer,0,404
P006,180.75,203.88,0.04,Spring,0,396
P010,21.98,22.08,0.288,Winter,1,643
P005,52.15,51.62,0.031,Spring,0,517
P008,182.7,209.41,0.159,Summer,0,457
P007,118.91,113.51,0.082,Winter,0,428
P009,47.01,45.05,0.079,Autumn,1,570
P009,56.5,52.09,0.178,Summer,1,604
P003,138.8,139.84,0.239,Autumn,0,509
P004,150.47,153.17,0.233,Winter,0,482
P004,127.9,136.11,0.261,Summer,1,574
P005,191.57,186.24,0.088,Autumn,0,353
P005,108.93,96.64,0.14,Winter,0,430
P001,74.05,84.92,0.003,Autumn,0,472
P009,105.9,99.38,0.224,Summer,0,502
P009,84.74,99.08,0.091,Spring,0,484
P007,60.39,53.32,0.168,Spring,0,545
P004,28.27,28.95,0.051,Winter,0,533
P009,83.4,84.62,0.246,Autumn,0,512
P003,148.05,167.51,0.245,Summer,0,519
P004,23.32,19.95,0.263,Summer,0,617
P010,99.05,115.29,0.014,Autumn,0,435
P010,135.92,137.63,0.298,Autumn,0,563
P006,129.87,134.34,0.074,Autumn,0,406
P002,159.8,160.45,0.093,Summer,0,370
P002,165.89,135.1,0.075,Autumn,0,380
P010,148.11,147.94,0.08,Summer,0,405
P003,38.5,34.86,0.166,Winter,0,510
P007,105.5,98.86,0.072,Spring,0,442
P004,128.61,136.28,0.118,Spring,0,478
P005,64.2,64.14,0.197,Summer,0,528
P010,27.66,23.16,0.251,Autumn,0,635
P006,60.25,49.96,0.208,Autumn,0,526
P005,101.88,89.07,0.178,Summer,0,506
P005,94.51,82.82,0.044,Winter,0,408
P003,51.8,54.04,0.245,Summer,0,584
P006,168.39,146.69,0.011,Spring,0,329
P006,186.62,215.11,0.079,Spring,0,354
P001,56.24,49.71,0.017,Winter,1,574
P005,187.32,156.68,0.2,Spring,0,414
P007,23.21,26.7,0.111,Winter,0,534
P001,186.49,171.22,0.196,Summer,1,509
P010,191.35,185.64,0.104,Spring,0,410
P009,22.17,26.24,0.137,Summer,0,593
P007,157.34,185.31,0.137,Autumn,0,420
P001,194.64,211.37,0.014,Summer,0,338
P006,183.06,151.5,0.129,Winter,0,337
P009,194.73,202.0,0.192,Autumn,0,450
P001,119.06,142.35,0.164,Summer,0,471
P008,34.07,40.16,0.023,Autumn,0,491
P009,172.96,145.7,0.2,Winter,0,430
P001,130.49,125.06,0.093,Summer,1,497
P003,130.65,121.01,0.004,Spring,0,374
P008,95.11,81.02,0.047,Summer,0,478
P010,122.93,132.51,0.149,Winter,0,482
P008,47.64,43.33,0.093,Spring,0,529
P006,153.16,143.66,0.208,Winter,0,438
P007,33.5,28.01,0.072,Autumn,0,552
P006,151.36,151.24,0.232,Autumn,0,471
P006,172.82,149.19,0.086,Summer,0,414
P008,105.04,102.19,0.186,Winter,0,536
P001,111.77,95.82,0.24,Spring,0,527
P003,76.2,90.03,0.116,Summer,0,536
P001,194.5,166.88,0.014,Summer,0,245
P008,151.96,153.29,0.161,Summer,0,455
P008,86.42,75.95,0.299,Summer,0,596
P001,51.47,42.75,0.291,Spring,0,606
P002,59.52,52.43,0.066,Spring,0,467
P003,103.51,85.08,0.227,Spring,0,509
P003,189.66,162.3,0.103,Autumn,1,357
P006,152.15,151.75,0.048,Summer,1,451
P005,58.74,62.31,0.2,Autumn,0,511
P004,174.72,145.88,0.15,Autumn,0,424
P002,88.08,86.0,0.162,Autumn,0,527
P007,173.31,178.94,0.248,Autumn,1,524
P008,63.51,56.76,0.101,Autumn,1,558
P007,131.36,124.64,0.2,Autumn,0,477
P009,186.8,154.81,0.11,Autumn,0,367
P010,66.42,58.98,0.013,Autumn,1,484
P009,144.73,142.81,0.113,Summer,1,499
P007,197.72,236.51,0.285,Spring,0,480
P001,47.11,56.46,0.145,Winter,0,500
P004,35.91,42.8,0.032,Summer,0,518
P005,141.36,137.01,0.206,Autumn,1,524
P008,81.15,67.54,0.289,Spring,0,569
P009,32.82,30.5,0.272,Summer,0,592
P007,105.56,94.49,0.172,Autumn,0,525
P004,155.68,125.42,0.113,Autumn,0,400
P008,71.32,59.77,0.174,Autumn,0,523
P007,80.31,78.81,0.245,Summer,0,564
P008,172.23,161.18,0.258,Winter,0,496
P006,113.61,99.08,0.246,Autumn,1,577
P007,171.69,186.53,0.137,Winter,0,427
P004,100.35,94.61,0.036,Autumn,0,444
P004,191.54,218.5,0.171,Autumn,0,396
P003,137.14,122.93,0.047,Winter,0,349
P003,40.86,41.49,0.018,Spring,0,497
P007,179.32,156.66,0.15,Winter,0,393
P004,108.07,107.87,0.197,Winter,0,511
P002,45.5,39.17,0.256,Autumn,0,576
P001,47.48,41.05,0.235,Autumn,0,577
P009,143.76,150.21,0.257,Autumn,0,486
P005,28.53,25.83,0.228,Summer,1,642
P006,71.59,62.21,0.211,Winter,0,504
P010,45.16,52.92,0.003,Spring,0,499
P002,99.39,81.22,0.188,Summer,0,470
P010,94.58,97.04,0.036,Autumn,0,448
P008,113.94,116.14,0.018,Winter,0,376
P007,70.33,63.31,0.047,Summer,0,472
P005,25.77,25.28,0.247,Summer,0,620
P008,130.59,109.06,0.223,Spring,0,494
P003,87.27,94.99,0.285,Spring,0,537
P004,137.24,121.96,0.294,Spring,0,514
P010,39.56,34.71,0.268,Spring,0,559
P003,22.48,20.82,0.04,Winter,1,534
P008,64.69,75.1,0.264,Winter,0,573
P010,102.18,114.3,0.252,Winter,0,550
P006,90.93,107.18,0.261,Spring,0,570
P003,165.85,175.93,0.046,Spring,0,387
P009,88.01,93.75,0.035,Summer,0,462
P009,115.48,114.56,0.277,Autumn,1,582
P006,126.83,147.39,0.052,Summer,0,414
P002,23.93,24.03,0.111,Summer,0,549
P005,112.72,106.18,0.137,Spring,0,443
P005,82.07,86.68,0.037,Autumn,0,440
P002,95.83,97.6,0.006,Summer,0,439
P005,38.05,32.33,0.298,Spring,0,598
P002,160.91,154.01,0.263,Autumn,0,555
P007,189.63,175.47,0.274,Winter,0,445
P005,24.01,27.34,0.085,Spring,0,540
P008,128.25,122.03,0.066,Summer,0,397
P005,157.49,177.75,0.128,Winter,0,422
P008,71.27,69.63,0.136,Autumn,0,501
P008,161.76,178.16,0.002,Winter,0,366
P002,133.82,114.3,0.234,Summer,0,493
P005,187.25,219.06,0.299,Summer,0,529
P008,196.58,195.05,0.159,Autumn,1,445
P006,27.62,24.97,0.116,Spring,0,518
P003,100.09,89.74,0.118,Spring,0,457
P009,118.46,107.33,0.029,Autumn,1,444
P002,46.41,43.94,0.08,Autumn,0,511
P010,80.53,87.54,0.151,Spring,0,526
P008,197.78,233.35,0.13,Autumn,0,401
P004,22.92,24.47,0.164,Summer,0,572
P002,101.45,103.36,0.255,Autumn,1,554
P010,171.68,168.15,0.068,Winter,0,376
P006,78.3,88.58,0.008,Spring,1,492
P009,106.36,121.24,0.011,Winter,0,434
P009,196.05,179.82,0.04,Summer,0,355
P001,105.48,124.61,0.171,Winter,0,497
P007,43.57,41.74,0.242,Summer,0,566
P004,29.31,32.83,0.266,Summer,0,608
P010,190.17,225.68,0.191,Winter,0,455
P003,67.85,73.38,0.121,Autumn,0,503
P001,110.73,95.74,0.046,Spring,0,410
P007,36.33,37.58,0.12,Autumn,0,548
P006,96.26,81.58,0.1,Winter,1,515
P006,187.42,209.1,0.261,Summer,0,496
P003,110.43,100.77,0.146,Winter,0,433
P005,194.8,210.01,0.068,Autumn,0,365
P010,66.59,77.51,0.087,Summer,0,496
P008,110.82,96.68,0.041,Spring,1,473
P010,174.72,167.23,0.276,Autumn,0,494
P004,100.69,106.62,0.015,Spring,0,392
P009,70.31,68.05,0.004,Winter,0,450
P004,173.99,151.36,0.055,Autumn,0,358
P010,90.18,73.19,0.243,Summer,1,605
P009,115.53,111.21,0.157,Spring,0,481
P002,195.77,207.45,0.188,Autumn,0,391
P010,53.57,55.16,0.107,Spring,0,545
P007,74.25,64.04,0.021,Summer,1,520
P008,25.59,25.09,0.257,Winter,1,616
P006,90.53,85.8,0.058,Winter,0,432
P003,56.03,50.97,0.01,Winter,0,470
P010,142.41,155.47,0.172,Winter,0,478
P002,52.64,48.63,0.025,Autumn,0,471
P009,141.47,143.74,0.029,Spring,0,404
P003,67.43,78.85,0.24,Winter,0,523
P008,83.94,85.26,0.147,Winter,1,528
P005,82.79,86.67,0.072,Winter,0,426
P003,149.02,123.58,0.105,Autumn,0,384
P003,103.97,90.58,0.219,Spring,0,544
P004,85.03,71.46,0.02,Autumn,0,476
P010,173.47,191.84,0.035,Summer,0,377
P008,122.95,139.47,0.185,Winter,0,478
P007,58.49,51.15,0.182,Summer,1,593
P007,182.02,161.58,0.292,Summer,0,510
P005,81.68,75.9,0.112,Spring,0,457
P010,27.02,28.0,0.02,Winter,0,496
P003,109.03,114.34,0.161,Winter,0,513
P010,42.31,45.47,0.192,Spring,0,542
P004,62.92,73.12,0.042,Summer,1,531
P004,154.48,141.82,0.166,Summer,0,451
P005,43.54,46.3,0.059,Summer,0,525
P008,165.25,169.2,0.253,Winter,0,475
P008,188.64,173.99,0.251,Spring,0,467
P008,129.18,150.23,0.129,Summer,0,486
P001,147.86,123.94,0.29,Spring,0,552
P002,148.45,161.04,0.294,Spring,0,534
P009,198.71,216.82,0.039,Winter,0,329
P010,81.48,95.02,0.11,Winter,0,522
P002,49.31,49.68,0.18,Spring,0,540
P010,113.45,105.36,0.025,Autumn,0,381
P003,115.98,131.18,0.115,Spring,0,473
P010,52.02,57.66,0.078,Spring,1,583
P010,130.36,130.38,0.286,Summer,0,552
P007,22.54,24.96,0.123,Spring,0,554
P002,186.98,169.62,0.229,Summer,1,480
P008,67.62,70.04,0.116,Winter,0,500
P002,27.12,31.08,0.04,Autumn,0,544
P004,39.48,36.61,0.259,Autumn,0,558
P007,63.24,62.82,0.0,Summer,0,467
P001,69.3,81.8,0.017,Spring,0,464
P004,25.91,29.0,0.109,Spring,0,535
P008,70.28,81.16,0.206,Summer,0,563
P001,54.73,52.22,0.103,Spring,0,523
P004,88.15,105.66,0.02,Winter,1,505
P001,89.33,76.92,0.095,Winter,0,442
P007,81.02,81.63,0.073,Winter,0,435
P001,79.03,78.37,0.002,Autumn,0,447
P003,36.15,40.47,0.16,Autumn,0,544
P006,24.54,28.55,0.035,Autumn,0,558
P003,56.38,61.59,0.086,Summer,0,556
P003,156.2,164.12,0.192,Autumn,1,555
P009,198.35,192.59,0.218,Winter,0,415
P008,187.13,187.9,0.079,Winter,0,370
P001,110.76,111.17,0.099,Autumn,0,470
P009,115.73,93.53,0.074,Spring,0,441
P005,76.62,76.71,0.287,Autumn,0,563
P002,159.31,181.99,0.057,Summer,0,429
P010,157.66,170.86,0.055,Autumn,0,387
P004,171.97,192.31,0.134,Autumn,0,426
P004,181.19,173.25,0.057,Winter,0,315
P002,98.18,99.32,0.047,Summer,0,466
P009,158.04,128.55,0.029,Winter,0,336
P003,165.15,157.42,0.192,Winter,0,453
P006,75.52,74.75,0.184,Summer,0,542
P003,187.26,168.92,0.195,Summer,0,440
P009,36.98,30.05,0.232,Autumn,0,572
P008,198.97,214.12,0.098,Winter,0,383
P006,158.62,154.5,0.276,Autumn,0,501
P004,36.79,35.55,0.22,Winter,0,539
P007,138.12,124.31,0.241,Summer,0,518
P005,26.15,26.55,0.216,Autumn,0,564
P010,158.63,154.7,0.108,Summer,0,392
P007,163.86,162.15,0.085,Winter,0,364
P001,128.43,132.58,0.127,Summer,0,469
P009,174.23,139.82,0.029,Autumn,1,372
P002,37.62,43.76,0.135,Spring,0,506
P004,69.67,57.72,0.013,Winter,0,439
P005,94.55,92.69,0.001,Summer,0,457
P003,27.64,24.4,0.279,Summer,0,601
P010,100.68,101.64,0.207,Autumn,0,512
P010,67.74,61.79,0.169,Summer,0,555
P002,90.69,103.75,0.102,Winter,0,494
P004,96.52,92.52,0.171,Autumn,0,519
P004,178.29,188.19,0.267,Autumn,0,438
P007,68.66,61.76,0.196,Spring,0,571
P006,180.87,146.1,0.181,Spring,0,428
P007,96.67,92.96,0.138,Summer,1,594
P001,79.01,80.16,0.104,Winter,0,468
P006,110.45,108.66,0.21,Winter,0,468
P003,95.19,112.78,0.294,Autumn,1,621
P003,66.33,71.82,0.127,Autumn,0,507
P008,110.48,132.38,0.118,Summer,0,501
P002,47.32,43.44,0.128,Spring,0,552
P001,83.35,92.99,0.128,Spring,0,502
P005,121.84,124.55,0.297,Summer,0,553
P008,94.41,98.63,0.212,Summer,0,547
P006,168.3,201.01,0.108,Spring,0,418
P002,66.21,70.29,0.111,Summer,0,511
P008,194.56,225.6,0.129,Spring,0,430
P004,161.25,175.81,0.011,Autumn,0,383
P008,194.17,165.23,0.158,Winter,0,406
P003,170.86,184.49,0.243,Autumn,0,483
P010,45.58,45.29,0.198,Summer,0,526
P003,114.76,133.98,0.06,Summer,0,449
P010,50.6,56.81,0.218,Summer,1,611
P004,167.28,140.79,0.216,Spring,0,451
P008,125.15,106.82,0.079,Autumn,0,403
P006,67.42,55.81,0.187,Autumn,0,527
P001,187.33,186.82,0.183,Spring,0,411
P001,40.73,33.9,0.252,Summer,0,563
P005,121.5,132.37,0.041,Summer,0,454
P002,149.79,152.93,0.058,Spring,0,376
P007,30.59,34.7,0.146,Autumn,1,604
P002,127.61,116.37,0.013,Autumn,1,452
P006,166.86,168.14,0.125,Autumn,0,430
P003,32.15,27.23,0.236,Autumn,0,595
P002,112.2,129.46,0.045,Winter,0,436
P004,66.54,57.89,0.138,Winter,0,519
P006,139.33,117.17,0.297,Autumn,0,547
P004,41.36,36.48,0.152,Winter,0,545
P004,188.67,211.78,0.149,Summer,1,444
P004,181.05,152.5,0.168,Winter,0,392
P004,53.48,55.93,0.056,Winter,0,505
P005,78.19,85.89,0.044,Autumn,0,454
P009,125.77,138.4,0.203,Winter,0,528
P006,149.25,130.75,0.119,Autumn,0,412
P005,99.68,82.2,0.087,Autumn,0,449
P008,48.13,47.14,0.009,Summer,0,516
P006,38.75,34.14,0.254,Winter,1,623
P010,199.96,215.9,0.01,Autumn,0,316
P006,101.96,96.12,0.225,Winter,1,583
P003,177.06,173.47,0.115,Summer,0,375
P006,106.83,90.31,0.18,Winter,0,477
P008,186.02,191.05,0.074,Spring,0,383
P003,35.8,31.3,0.047,Spring,0,513
P003,40.52,43.42,0.16,Autumn,0,578
P006,187.33,155.2,0.209,Autumn,0,394
P009,190.55,226.82,0.059,Winter,0,329
P004,76.65,82.31,0.131,Summer,0,532
P006,83.93,73.25,0.133,Autumn,0,506
P007,101.44,81.72,0.065,Autumn,0,430
P007,94.91,88.63,0.17,Winter,0,502
P002,54.21,46.68,0.044,Autumn,1,549
P004,181.71,161.24,0.153,Summer,0,397
P010,65.6,75.38,0.034,Winter,0,459
P009,146.95,153.02,0.146,Spring,0,454
P008,32.09,27.94,0.093,Winter,0,542
P001,26.98,27.59,0.136,Spring,1,582
P005,137.67,124.22,0.13,Summer,0,442
P001,81.02,96.45,0.272,Winter,0,560
P004,137.98,112.19,0.147,Autumn,0,444
P009,36.92,40.35,0.246,Winter,1,630
P004,190.97,211.82,0.068,Autumn,0,352
P002,154.73,127.94,0.106,Autumn,0,421
P008,177.73,154.4,0.023,Summer,0,324
P008,44.56,42.5,0.126,Spring,1,577
P007,77.63,89.06,0.201,Spring,0,510
P009,86.3,87.58,0.251,Summer,0,545
P008,116.69,123.94,0.17,Spring,0,501
P007,73.44,81.75,0.192,Autumn,0,542
P009,30.91,34.97,0.053,Winter,1,578
P004,86.4,85.58,0.011,Winter,1,494
P005,65.82,66.05,0.238,Summer,0,611
P006,89.47,97.27,0.05,Winter,1,487
P007,55.45,50.2,0.027,Winter,0,441
P005,67.14,76.66,0.281,Winter,0,554
P005,132.85,107.38,0.289,Summer,0,515
P002,89.87,78.93,0.185,Summer,0,500
P007,82.17,92.04,0.114,Winter,0,492
P002,116.1,108.68,0.25,Spring,0,549
P005,158.93,136.67,0.061,Summer,0,410
P005,88.2,77.15,0.129,Spring,0,497
P008,125.75,127.3,0.107,Winter,0,481
P005,193.92,220.77,0.274,Autumn,0,490
P001,113.96,94.39,0.276,Spring,0,498
P006,183.76,149.25,0.195,Spring,0,443
P003,162.86,160.59,0.033,Autumn,0,322
P004,30.57,36.15,0.145,Autumn,0,539
P003,97.24,88.64,0.074,Winter,0,456
P002,145.7,172.46,0.265,Summer,0,536
P010,197.61,228.25,0.042,Winter,0,337
P003,102.51,93.62,0.016,Summer,0,404
P006,36.7,41.35,0.211,Winter,1,618
P009,121.16,130.17,0.136,Spring,0,491
P004,42.78,42.98,0.252,Spring,1,634
P010,155.27,150.48,0.022,Spring,1,397
P005,111.38,125.44,0.24,Summer,0,518
P010,150.22,167.83,0.011,Winter,0,352
P005,176.49,194.63,0.008,Spring,0,352
P001,133.21,159.76,0.138,Summer,0,485
P009,130.24,129.12,0.066,Spring,0,402
P009,155.82,174.95,0.178,Winter,1,466
P010,171.64,196.53,0.008,Autumn,0,358
P002,176.43,156.08,0.011,Winter,0,297
P009,26.56,21.69,0.218,Autumn,0,591
P004,120.11,115.53,0.063,Autumn,0,407
P009,58.93,67.34,0.197,Winter,0,527
P010,174.86,160.11,0.225,Spring,1,513
P002,136.71,147.65,0.018,Winter,0,431
P004,95.64,76.79,0.231,Autumn,0,534
P003,53.86,50.74,0.081,Autumn,0,504
P004,81.02,84.76,0.117,Summer,0,512
P006,146.68,124.96,0.026,Winter,0,323
P005,56.78,65.79,0.252,Summer,0,564
P007,36.84,31.77,0.168,Spring,0,504
P007,179.85,209.33,0.151,Winter,0,463
P003,157.56,139.69,0.291,Spring,1,591
P001,55.96,67.02,0.1,Spring,0,527
P008,72.62,75.66,0.267,Autumn,0,568
P002,194.97,162.55,0.216,Spring,0,396
P002,147.47,121.83,0.279,Winter,1,543
P007,129.89,107.8,0.272,Summer,0,560
P003,75.37,78.08,0.297,Spring,0,583
P002,73.84,82.98,0.04,Winter,0,455
P004,27.11,26.06,0.239,Autumn,0,551
P006,151.13,147.8,0.241,Summer,0,530
P009,27.77,28.76,0.193,Autumn,0,569
P010,20.87,21.15,0.084,Autumn,0,504
P008,151.31,162.69,0.29,Spring,0,513
P009,190.8,188.65,0.061,Winter,0,315
P006,156.17,169.53,0.15,Summer,0,453
P005,104.9,125.77,0.156,Autumn,0,503
P009,107.49,101.05,0.049,Winter,0,413
P004,98.5,79.28,0.217,Autumn,0,525
P009,78.44,66.69,0.027,Autumn,0,448
P010,113.91,116.35,0.208,Summer,0,539
P004,97.61,91.53,0.255,Spring,0,533
P007,127.67,150.14,0.105,Summer,0,525
P008,181.66,190.92,0.213,Winter,1,492
P008,199.1,200.72,0.047,Autumn,0,311
P003,34.17,38.24,0.254,Summer,0,581
P010,89.24,80.62,0.286,Winter,0,547
P006,52.53,59.25,0.046,Winter,0,457
P001,83.38,66.81,0.208,Winter,0,522
P002,71.75,75.18,0.152,Summer,0,491
P008,51.42,60.36,0.159,Autumn,1,595
P005,157.53,175.67,0.212,Autumn,0,455
P002,109.33,124.8,0.147,Summer,0,491
P006,185.46,177.82,0.18,Summer,0,447
P006,25.87,29.23,0.069,Spring,0,581
P001,32.06,32.71,0.114,Summer,0,529
P004,92.59,96.98,0.26,Autumn,0,546
P005,34.45,28.37,0.033,Winter,1,534
P008,67.29,59.26,0.179,Winter,0,504
P007,197.49,201.52,0.055,Spring,0,327
P001,57.61,47.44,0.254,Autumn,0,580
P007,55.66,61.04,0.174,Spring,0,536
P010,123.26,140.03,0.121,Autumn,0,506
P001,109.64,128.08,0.075,Summer,0,473
P010,124.48,104.65,0.131,Summer,0,435
P001,87.81,103.25,0.287,Autumn,0,564
P007,168.82,139.62,0.153,Summer,0,404
P004,44.94,44.47,0.141,Winter,0,547
P008,97.11,110.33,0.224,Autumn,0,501
P009,144.16,119.38,0.114,Winter,0,381
P009,176.28,142.31,0.128,Autumn,0,371
P009,86.52,70.08,0.101,Summer,0,494
P009,122.19,122.74,0.045,Winter,0,434
P004,32.45,36.49,0.214,Summer,0,616
P005,50.66,43.11,0.262,Autumn,0,584
P008,32.44,27.57,0.272,Spring,0,594
P002,151.02,155.16,0.264,Spring,0,528
P006,71.85,64.21,0.136,Autumn,0,481
P006,150.27,164.11,0.085,Spring,0,380
P010,31.95,37.7,0.191,Winter,0,574
P001,175.26,193.91,0.286,Winter,0,489
P001,170.4,196.11,0.218,Autumn,0,478
P001,36.01,36.29,0.148,Autumn,0,549
P006,24.28,27.51,0.207,Autumn,0,585
P006,30.13,26.31,0.232,Spring,1,652
P006,173.65,143.67,0.276,Summer,0,507
P003,62.25,66.13,0.229,Summer,0,574
P004,118.69,97.42,0.13,Winter,0,435
P005,96.72,111.9,0.082,Spring,0,474
P001,163.19,175.69,0.15,Summer,0,437
P008,108.0,127.54,0.098,Summer,0,475
P001,110.12,101.92,0.283,Spring,0,596
P007,198.04,196.94,0.152,Spring,0,405
P005,47.02,51.57,0.142,Summer,0,558
P010,169.53,152.09,0.104,Spring,0,375
P007,29.31,29.8,0.192,Spring,1,643
P005,105.98,112.74,0.156,Summer,0,517
P008,179.54,213.93,0.039,Spring,0,385
P002,139.74,153.42,0.261,Autumn,0,525
P002,143.34,121.45,0.108,Spring,1,486
P005,67.4,66.73,0.13,Summer,0,547
P009,95.34,98.73,0.062,Summer,0,471
P009,85.98,73.83,0.166,Winter,0,495
P004,113.86,110.76,0.211,Autumn,0,522
P003,103.2,94.28,0.264,Winter,0,513
P010,78.84,66.82,0.015,Summer,0,438
P006,74.99,75.35,0.292,Summer,0,584
P002,65.15,56.44,0.211,Summer,0,518
P003,85.71,88.81,0.085,Winter,0,486
P009,46.99,40.78,0.061,Winter,0,476
P009,176.98,192.81,0.089,Winter,0,375
P010,128.38,112.73,0.263,Winter,0,504
P001,44.08,51.07,0.087,Autumn,0,521
P009,144.89,117.43,0.139,Autumn,0,417
P002,172.58,174.1,0.212,Winter,0,454
P009,62.76,58.24,0.262,Summer,0,577
P009,47.11,41.93,0.198,Summer,0,556
P004,21.55,21.31,0.226,Winter,0,567
P002,28.51,32.41,0.052,Summer,0,556
P008,157.21,183.32,0.263,Spring,0,478
P001,197.69,182.13,0.083,Autumn,1,390
P006,28.08,24.2,0.039,Summer,0,516
P004,154.65,168.27,0.293,Winter,0,532
P005,32.94,34.02,0.06,Winter,0,486
P009,126.58,111.44,0.041,Summer,0,399
P010,156.09,172.34,0.188,Autumn,0,466
P005,84.66,85.3,0.096,Winter,0,496
P003,21.97,23.32,0.04,Autumn,0,531
P009,127.13,119.98,0.18,Spring,0,455
P005,198.42,193.59,0.228,Autumn,0,435
P002,66.37,57.88,0.238,Autumn,0,569
P010,54.11,59.66,0.047,Autumn,0,469
P010,42.31,36.51,0.167,Spring,1,597
P003,119.95,133.3,0.244,Summer,0,538
P002,127.36,142.54,0.048,Winter,0,406
P002,162.61,178.65,0.062,Spring,0,445
P006,155.55,125.65,0.001,Summer,0,336
P004,180.66,164.27,0.157,Summer,0,429
P007,165.04,162.95,0.058,Spring,1,410
P008,64.51,66.98,0.217,Spring,0,565
P001,120.06,140.19,0.289,Summer,0,583
P009,73.53,69.87,0.063,Winter,0,457
P001,79.36,91.26,0.195,Spring,0,537
P002,187.75,162.47,0.064,Summer,0,330
P008,142.74,135.39,0.005,Spring,0,344
P007,195.43,160.43,0.228,Autumn,0,450
P010,95.04,104.26,0.13,Summer,0,490
P006,116.74,100.43,0.284,Winter,0,479
P005,107.68,97.21,0.16,Autumn,0,515
P007,39.31,43.64,0.047,Winter,0,489
P008,62.61,63.48,0.135,Autumn,1,562
P007,114.97,92.62,0.061,Summer,0,460
P004,32.13,25.73,0.263,Winter,0,581
P010,187.66,188.46,0.207,Summer,0,452
P004,42.29,38.99,0.102,Winter,0,493
P004,55.64,48.53,0.158,Winter,0,491
P003,157.76,164.93,0.201,Autumn,0,465
P003,37.45,33.38,0.235,Autumn,1,632
P003,182.05,188.76,0.024,Summer,0,355
P006,150.63,143.36,0.007,Winter,0,341
P008,32.35,28.3,0.034,Autumn,0,507
P005,144.53,123.61,0.118,Winter,0,375
P010,133.69,119.62,0.14,Summer,1,514
P005,156.32,126.92,0.041,Winter,0,354
P005,169.08,156.1,0.123,Summer,0,451
P001,149.3,173.3,0.132,Spring,0,450
P010,125.51,142.15,0.033,Spring,0,398
P002,78.04,74.04,0.275,Autumn,0,560
P002,145.51,149.92,0.18,Summer,0,471
P010,192.25,197.43,0.117,Spring,0,397
P006,125.75,142.29,0.152,Summer,0,488
P001,139.58,124.86,0.094,Autumn,0,386
P005,98.68,90.64,0.256,Summer,1,564
P006,156.1,143.72,0.173,Winter,0,443
P001,199.58,162.93,0.148,Winter,0,396
P008,48.87,45.25,0.273,Autumn,0,583
P007,56.43,64.96,0.251,Winter,0,586
P001,117.1,136.4,0.244,Summer,0,564
P007,106.65,90.0,0.068,Spring,0,441
P003,122.88,120.82,0.046,Spring,0,399
P008,28.83,27.46,0.207,Winter,0,573
P004,92.77,92.38,0.141,Winter,0,510
P003,124.94,127.67,0.205,Autumn,0,506
P006,125.33,101.28,0.228,Spring,0,510
P005,138.32,157.26,0.089,Summer,1,483
P004,149.64,177.99,0.085,Spring,0,422
P009,135.48,143.79,0.147,Spring,0,460
P007,162.24,172.65,0.082,Spring,1,449
P005,132.46,133.94,0.2,Autumn,0,509
P003,116.75,109.01,0.224,Spring,0,463
P006,129.12,110.99,0.142,Winter,1,492
P001,38.21,39.49,0.217,Summer,0,581
P009,69.17,56.58,0.153,Summer,0,495
P001,114.93,129.85,0.214,Autumn,0,529
P007,177.14,171.54,0.067,Winter,1,393
P004,142.23,137.38,0.222,Summer,0,491
P008,36.27,33.76,0.215,Spring,0,610
P004,126.61,150.38,0.08,Spring,0,465
P001,59.91,52.12,0.167,Winter,0,535
P010,152.12,130.9,0.257,Spring,0,500
P008,168.94,146.34,0.075,Autumn,0,362
P001,126.82,134.86,0.221,Summer,0,557
P001,126.45,151.33,0.286,Winter,0,562
P006,80.95,72.38,0.26,Spring,0,539
P010,100.33,116.61,0.12,Winter,0,451
P006,175.54,160.0,0.182,Autumn,0,439
P001,150.2,159.09,0.298,Summer,0,542
P007,113.56,92.69,0.171,Spring,0,449
P005,86.28,86.13,0.035,Winter,0,453
P007,29.07,30.87,0.014,Summer,0,514
P004,45.74,46.4,0.237,Summer,0,595
P001,54.74,49.0,0.127,Summer,0,538
P001,87.21,98.67,0.074,Spring,0,464
P007,189.95,225.67,0.104,Summer,0,421
P007,110.93,109.12,0.227,Spring,0,509
P004,62.27,65.66,0.14,Spring,0,516
P001,39.04,43.58,0.261,Summer,0,590
P008,80.89,72.53,0.22,Spring,0,559
P002,166.83,191.15,0.292,Summer,0,532
P002,89.0,81.18,0.267,Winter,0,571
P005,159.05,176.6,0.076,Spring,1,490
P008,164.49,138.97,0.198,Spring,0,431
P010,39.95,36.57,0.006,Spring,0,434
P007,129.56,131.3,0.297,Autumn,0,561
P010,192.64,194.56,0.078,Summer,0,362
P007,92.38,105.33,0.199,Summer,1,570
P009,29.17,34.96,0.255,Spring,0,587
P002,186.19,156.94,0.048,Summer,0,329
P001,179.06,162.69,0.254,Summer,0,507
P007,113.99,107.5,0.004,Summer,0,413
P010,119.41,118.4,0.133,Autumn,0,486
P008,58.11,57.97,0.142,Winter,1,580
P004,167.5,191.37,0.112,Summer,0,423
P005,109.75,121.63,0.176,Winter,0,487
P002,26.1,21.08,0.274,Autumn,0,608
P004,142.94,140.37,0.098,Summer,0,446
P007,191.09,200.12,0.174,Spring,0,448
P002,169.25,166.57,0.263,Summer,0,497
P005,69.9,59.57,0.232,Autumn,0,548
P003,29.6,28.39,0.012,Spring,0,520
P005,189.26,182.57,0.283,Winter,0,475
P008,188.67,165.1,0.014,Summer,0,294
P009,115.83,127.71,0.177,Winter,1,524
P005,135.62,125.93,0.173,Autumn,0,457
P009,103.27,106.95,0.236,Summer,0,554
P008,95.56,96.16,0.045,Spring,0,472
P010,41.5,47.77,0.054,Autumn,0,483
P008,37.42,31.76,0.226,Summer,1,621
P006,61.89,52.34,0.045,Spring,0,471
P007,170.6,156.97,0.141,Winter,0,421
P004,46.25,44.98,0.219,Summer,1,615
P007,60.81,55.91,0.195,Spring,0,535
P008,118.75,131.25,0.063,Summer,0,417
P007,58.72,52.74,0.091,Summer,0,521
P002,49.38,41.18,0.291,Winter,0,578
P006,121.4,117.21,0.135,Autumn,0,445
P008,86.26,95.69,0.013,Spring,1,493
P002,132.71,151.32,0.066,Spring,0,450
P008,184.2,201.39,0.103,Autumn,0,370
P009,47.18,48.27,0.3,Spring,0,583
P006,184.42,200.96,0.091,Summer,0,419
P010,182.45,195.69,0.008,Spring,0,336
P009,169.24,151.26,0.154,Spring,0,433
P005,133.63,136.34,0.025,Winter,0,395
P009,131.63,145.88,0.082,Spring,0,434
P010,135.06,125.18,0.298,Spring,0,527
P002,144.29,153.18,0.211,Winter,0,499
P010,22.97,22.8,0.015,Spring,1,591
P001,192.46,192.7,0.135,Winter,0,410
P005,125.41,104.85,0.051,Spring,0,380
P010,160.66,171.34,0.037,Spring,0,402
P008,87.91,100.77,0.176,Spring,1,566
P003,22.23,19.04,0.152,Autumn,0,544
P007,111.75,105.76,0.223,Autumn,0,507
P003,111.29,91.2,0.268,Summer,0,553
P003,98.66,80.1,0.074,Spring,0,457
P010,81.15,97.04,0.277,Spring,0,571
P001,64.97,64.8,0.155,Autumn,1,589
P010,114.96,108.32,0.078,Spring,0,440
P005,87.55,79.67,0.254,Autumn,0,531
P001,194.59,231.95,0.011,Autumn,0,318
P008,51.13,46.06,0.168,Winter,0,542
P001,77.54,84.54,0.216,Summer,0,552
P004,72.91,66.6,0.084,Spring,0,457
P003,117.8,97.56,0.259,Summer,0,544
P008,109.87,117.92,0.072,Winter,0,431
P004,135.87,108.78,0.252,Autumn,0,526
P007,191.0,204.43,0.024,Autumn,0,302
P001,71.34,64.22,0.048,Summer,0,475
P007,144.7,158.94,0.114,Spring,0,425
P008,24.51,27.15,0.256,Winter,0,573
P003,67.23,73.26,0.043,Winter,0,463
P009,103.47,83.79,0.263,Winter,0,559
P005,25.58,27.66,0.069,Winter,0,529
P007,131.18,156.9,0.136,Summer,0,463
P002,142.1,127.47,0.106,Summer,0,391
P010,154.41,140.47,0.035,Spring,0,332
P003,112.98,127.15,0.283,Winter,0,537
P007,128.71,111.23,0.131,Autumn,0,428
P001,91.29,97.15,0.207,Summer,0,534
P001,27.43,30.23,0.173,Winter,0,516
P002,37.99,30.96,0.151,Autumn,0,540
P010,137.9,140.87,0.185,Winter,0,490
P003,199.2,205.25,0.27,Winter,0,507
P009,22.84,21.04,0.21,Spring,0,545
P006,120.37,138.49,0.16,Summer,1,531
P001,155.18,134.25,0.194,Autumn,0,433
P005,168.82,159.65,0.182,Winter,0,437
P005,118.14,134.62,0.13,Spring,1,500
P003,131.58,115.3,0.187,Summer,0,514
P007,145.41,164.1,0.133,Autumn,0,448
P009,174.61,145.21,0.227,Winter,0,442
P009,42.01,41.83,0.291,Spring,0,631
P006,186.71,154.99,0.288,Autumn,0,476
P009,24.68,26.44,0.246,Summer,0,612
P010,170.52,190.34,0.181,Spring,0,442
P001,33.81,38.54,0.225,Autumn,0,552
P007,55.03,65.62,0.053,Summer,0,497
P008,20.7,22.12,0.144,Autumn,0,604
P001,100.15,110.93,0.077,Summer,0,484
P007,80.18,80.36,0.001,Winter,0,442
P010,49.88,58.11,0.29,Spring,0,579
P003,101.2,107.02,0.259,Winter,0,557
P009,92.43,106.61,0.154,Spring,0,482
P010,158.18,141.44,0.076,Autumn,0,349
P007,180.76,180.52,0.208,Summer,0,450
P007,137.46,150.1,0.13,Summer,0,501
P006,42.39,37.35,0.241,Spring,0,615
P005,73.17,64.72,0.3,Autumn,0,564
P005,184.4,219.66,0.105,Spring,0,393
P006,35.97,35.03,0.073,Autumn,0,486
P005,93.23,81.36,0.08,Autumn,0,456
P009,189.65,176.86,0.028,Winter,0,318
P008,191.12,183.27,0.118,Autumn,0,394
P004,94.02,98.65,0.005,Summer,0,459
P006,140.13,163.84,0.034,Autumn,0,397
P003,102.21,122.1,0.082,Winter,0,472
P002,155.62,165.06,0.048,Summer,1,431
P004,25.68,27.73,0.22,Spring,0,597
P001,45.95,42.68,0.032,Winter,0,477
P009,130.56,149.21,0.26,Spring,0,543
P002,61.86,54.88,0.066,Autumn,0,492
P004,139.89,117.86,0.033,Spring,0,378
P003,83.22,98.97,0.003,Spring,0,467
P003,179.6,205.76,0.215,Winter,0,435
P004,167.47,154.32,0.077,Spring,0,356
P008,108.71,116.33,0.153,Autumn,0,481
P009,159.12,157.02,0.033,Autumn,0,334
P002,68.8,63.93,0.296,Spring,0,572
P003,108.97,99.68,0.038,Spring,0,415
P005,55.55,47.46,0.124,Winter,0,536
P004,174.96,178.41,0.255,Autumn,0,488
P008,168.15,164.56,0.073,Spring,0,401
P003,182.39,183.28,0.08,Winter,0,370
P005,177.95,157.69,0.243,Summer,1,512
P006,192.73,226.54,0.082,Spring,0,385
P004,61.1,64.49,0.001,Winter,0,476
P007,187.73,217.74,0.128,Spring,0,438
P008,122.82,103.62,0.004,Autumn,0,377
P006,96.05,100.77,0.273,Winter,0,516
P005,120.87,137.77,0.193,Autumn,0,467
P010,81.67,76.15,0.175,Autumn,1,556
P010,71.94,63.17,0.06,Summer,0,435
P010,63.44,57.48,0.21,Spring,0,583
P001,34.84,31.68,0.203,Autumn,0,578
P009,109.38,107.07,0.018,Winter,0,396
P009,179.8,167.28,0.264,Spring,0,459
P009,133.43,121.22,0.174,Winter,0,479
P008,113.78,120.54,0.238,Summer,0,513
P004,97.15,79.78,0.079,Autumn,0,426
P008,103.59,96.98,0.037,Spring,0,414
P006,57.67,62.05,0.211,Autumn,0,557
P009,168.13,146.33,0.238,Spring,0,481
P004,55.71,49.49,0.116,Summer,0,548
P008,148.99,131.15,0.007,Autumn,0,371
P008,156.8,125.5,0.245,Spring,1,526
P009,123.48,122.18,0.062,Summer,0,452
P002,175.33,143.0,0.102,Autumn,0,356
P009,72.39,65.82,0.188,Spring,0,494
P003,178.69,214.06,0.03,Summer,0,360
P010,151.29,176.61,0.022,Summer,0,378
P001,163.77,145.11,0.008,Autumn,0,320
P003,139.62,129.01,0.275,Winter,0,491
P007,172.34,169.84,0.093,Winter,0,371
P006,198.76,226.14,0.198,Spring,0,461
P007,95.63,107.21,0.297,Spring,1,657
P005,166.5,141.61,0.201,Spring,1,461
P001,154.02,130.88,0.158,Autumn,0,403
P007,101.52,98.14,0.156,Spring,0,476
P006,186.85,214.51,0.113,Spring,0,420
P006,91.0,104.91,0.18,Winter,0,511
P004,121.78,102.65,0.288,Winter,0,509
P009,39.07,40.23,0.236,Winter,0,588
P008,60.64,52.29,0.127,Summer,0,541
P002,171.33,184.09,0.1,Autumn,0,399
P001,91.38,106.6,0.265,Autumn,0,542
P002,90.94,89.29,0.041,Spring,1,504
P001,64.28,53.56,0.255,Autumn,1,604
P008,108.49,111.93,0.077,Autumn,0,441
P007,165.05,159.01,0.215,Summer,0,464
P005,181.13,203.66,0.242,Winter,0,498
P006,32.62,30.54,0.143,Autumn,0,552
P009,123.47,141.99,0.058,Autumn,0,450
P009,104.11,94.69,0.253,Autumn,0,555
P005,130.57,112.68,0.11,Winter,0,433
P006,100.51,92.73,0.096,Autumn,0,447
P006,91.76,74.69,0.153,Summer,1,570
P010,104.94,95.76,0.131,Winter,0,474
P008,124.76,132.75,0.205,Autumn,0,551
P004,110.18,94.41,0.041,Winter,0,417
P009,104.99,88.67,0.131,Spring,0,482
P004,167.21,142.62,0.268,Summer,0,499
P008,154.22,128.16,0.011,Winter,0,336
P010,81.45,93.66,0.137,Autumn,0,502
P009,164.1,193.25,0.198,Winter,0,476
P002,173.66,142.16,0.266,Spring,0,486
P003,47.63,52.58,0.178,Spring,0,578
P008,124.88,136.73,0.247,Winter,0,525
P002,71.36,85.54,0.067,Summer,0,490
P001,153.05,143.74,0.106,Autumn,0,401
P003,62.98,57.58,0.283,Summer,0,560
P005,140.85,138.21,0.266,Summer,0,558
P002,65.92,75.32,0.167,Winter,0,518
P002,112.01,122.25,0.143,Spring,0,503
P004,190.76,188.59,0.135,Winter,0,394
P006,88.64,79.58,0.018,Winter,0,435
P006,177.63,193.76,0.268,Autumn,0,496
P008,197.65,225.68,0.245,Summer,0,473
P010,177.47,170.37,0.137,Spring,0,388
P001,49.86,53.22,0.084,Autumn,0,545
P007,167.54,160.85,0.103,Summer,0,407
P002,25.79,25.57,0.037,Spring,0,544
P004,90.79,91.69,0.217,Summer,0,568
P004,176.73,196.22,0.167,Winter,0,427
P008,143.98,171.48,0.07,Summer,0,439
P003,115.89,113.31,0.187,Spring,0,495
P009,89.82,84.15,0.294,Autumn,0,537
P004,166.21,157.81,0.037,Spring,0,354
P009,147.72,126.09,0.138,Winter,0,432
P010,104.31,95.84,0.148,Winter,0,464
P006,180.65,150.77,0.05,Winter,0,322
P002,61.39,59.62,0.159,Winter,0,519
P008,50.67,43.93,0.182,Spring,0,589
P005,135.7,127.36,0.047,Spring,0,361
P004,194.96,217.85,0.046,Summer,0,368
P005,64.51,57.95,0.257,Summer,0,569
P003,64.94,67.85,0.093,Winter,0,482
P003,45.11,52.35,0.189,Autumn,0,553
P010,174.9,179.58,0.188,Autumn,0,458
P003,60.75,53.31,0.252,Winter,0,572
P005,110.57,103.7,0.222,Autumn,0,514
P008,198.36,205.53,0.252,Summer,0,502
P003,22.19,22.25,0.188,Summer,0,611
P007,120.17,103.28,0.135,Autumn,0,468
P009,112.21,109.82,0.118,Spring,0,452
P009,165.34,168.19,0.114,Autumn,0,417
P001,83.95,76.14,0.126,Autumn,0,497
P005,93.86,98.08,0.039,Autumn,0,428
P001,50.23,41.59,0.127,Autumn,0,489
P007,153.35,143.33,0.117,Winter,1,419
P004,161.25,180.88,0.01,Winter,1,408
P009,44.6,40.31,0.083,Autumn,0,517
P002,90.82,94.64,0.226,Summer,0,522
P009,180.72,174.22,0.173,Spring,0,448
P004,20.49,18.99,0.242,Winter,0,591
P010,73.78,86.06,0.163,Winter,0,548
P002,119.91,112.39,0.256,Autumn,0,527
P003,80.14,71.7,0.239,Winter,0,516
P004,68.97,80.26,0.029,Winter,0,477
P010,102.81,112.92,0.293,Winter,0,570
P008,52.67,56.5,0.004,Autumn,0,466
P009,115.33,94.55,0.179,Spring,0,451
P006,147.21,125.49,0.238,Spring,0,487
P008,123.55,130.39,0.1,Spring,0,428
P007,36.76,32.49,0.18,Summer,0,590
P007,171.99,153.11,0.109,Autumn,0,377
P009,51.5,57.25,0.018,Summer,0,531
P010,157.67,144.17,0.003,Spring,0,302
P006,84.9,70.35,0.028,Spring,0,445
P005,160.9,131.06,0.03,Winter,0,367
P007,57.13,55.83,0.183,Winter,0,519
P008,53.6,56.11,0.158,Summer,0,545
P010,109.46,125.61,0.137,Winter,0,470
P007,25.93,21.89,0.208,Autumn,0,561
P010,60.55,53.2,0.005,Winter,0,462
P008,150.32,152.11,0.081,Winter,0,373
P010,170.73,161.45,0.233,Autumn,0,465
P008,34.54,34.3,0.273,Summer,0,616
P009,178.77,209.1,0.132,Autumn,0,417
P002,163.55,166.49,0.024,Summer,0,348
P010,176.54,170.55,0.24,Summer,0,501
P004,145.72,174.25,0.266,Autumn,0,542
P008,141.35,116.77,0.124,Autumn,0,400
P004,114.52,134.31,0.073,Autumn,0,422
P005,137.5,137.59,0.013,Summer,0,371
P008,185.44,185.72,0.177,Summer,0,449
P006,38.09,44.52,0.273,Spring,0,604
P008,76.84,77.07,0.203,Autumn,0,549
P001,33.04,32.23,0.095,Autumn,0,523
P009,190.06,172.76,0.193,Winter,0,399
P005,100.15,106.51,0.25,Autumn,0,558
P008,141.56,145.5,0.143,Summer,1,499
P003,171.4,151.82,0.246,Spring,0,476
P006,198.38,215.0,0.118,Spring,0,358
P006,49.12,51.95,0.105,Summer,0,520
P002,163.91,157.18,0.175,Summer,1,522
P005,179.74,144.11,0.139,Summer,0,383
P007,28.8,28.18,0.293,Summer,0,632
P009,155.74,124.97,0.155,Winter,0,370
P009,83.85,69.6,0.116,Spring,0,472
P004,136.75,132.95,0.118,Summer,0,443
P007,112.53,93.71,0.164,Spring,0,511
P002,66.75,60.76,0.106,Summer,0,485
P009,44.34,47.1,0.217,Autumn,0,580
P009,41.05,37.91,0.114,Spring,0,553
P010,38.6,46.28,0.115,Summer,0,534
P005,134.8,157.25,0.185,Spring,1,535
P004,83.25,86.09,0.018,Winter,0,445
P008,58.99,70.01,0.197,Autumn,0,522
P008,144.54,165.82,0.151,Spring,0,455
P003,143.63,133.23,0.136,Spring,0,463
P006,117.05,128.74,0.216,Spring,0,527
P007,188.29,160.94,0.227,Summer,0,448
P005,89.37,95.97,0.254,Winter,0,548
P004,170.46,169.85,0.112,Autumn,0,411
P003,33.53,27.05,0.098,Winter,0,539
P005,153.17,139.34,0.214,Summer,0,468
P003,197.92,233.97,0.175,Summer,0,478
P004,172.39,159.69,0.19,Summer,0,476
P002,124.34,108.5,0.167,Spring,0,482
P004,132.82,116.22,0.232,Winter,0,471
P007,83.59,82.89,0.057,Spring,0,445
P004,142.31,161.81,0.167,Summer,0,475
P002,158.67,175.04,0.047,Autumn,0,384
P009,199.68,194.64,0.122,Spring,0,342
P005,108.64,95.98,0.199,Summer,0,519
P006,31.03,25.4,0.148,Summer,0,586
P006,127.25,125.35,0.114,Summer,0,466
P006,41.42,46.64,0.265,Spring,0,579
P005,64.06,69.95,0.232,Spring,0,547
P008,79.18,76.29,0.158,Spring,0,519
P009,151.59,157.33,0.285,Summer,0,530
P010,53.09,51.74,0.127,Spring,1,585
P005,49.84,51.42,0.236,Winter,0,577
P004,28.09,28.29,0.05,Spring,0,546
P001,177.18,190.01,0.086,Autumn,1,412
P005,144.83,145.28,0.101,Autumn,0,424
P010,27.19,31.98,0.032,Summer,1,572
P003,25.09,24.37,0.151,Winter,1,602
P009,120.56,97.22,0.058,Spring,0,429
P008,70.86,63.39,0.19,Spring,0,551
P007,127.41,127.44,0.057,Summer,0,453
P006,98.23,99.82,0.037,Spring,0,449
P008,186.2,190.1,0.291,Summer,0,510
P001,71.81,77.97,0.197,Summer,0,545
P002,142.25,129.43,0.281,Winter,0,475
P002,29.73,31.69,0.147,Summer,0,592
P008,192.05,207.72,0.01,Winter,0,311
P005,196.54,189.57,0.172,Winter,0,415
P003,153.03,147.04,0.167,Winter,0,454
P001,103.74,90.42,0.004,Spring,0,385
P005,59.6,57.55,0.258,Winter,1,596
P004,166.25,185.32,0.186,Autumn,0,490
P002,152.54,177.49,0.223,Winter,1,548
P001,59.95,62.19,0.148,Summer,0,526
P008,101.22,93.1,0.186,Winter,0,493
P008,103.3,110.83,0.077,Autumn,0,476
P003,168.75,184.96,0.292,Spring,0,542
P005,143.09,133.49,0.12,Summer,0,408
P003,135.77,153.5,0.049,Spring,0,447
P005,136.97,113.61,0.017,Winter,0,382
P002,68.68,55.24,0.191,Summer,0,535
P010,86.91,73.8,0.295,Spring,0,539
P008,28.22,24.34,0.269,Autumn,0,615
P010,161.65,186.15,0.211,Summer,0,503
P003,97.94,95.0,0.297,Spring,0,533
P009,98.88,89.98,0.217,Winter,0,507
P006,64.16,62.34,0.102,Winter,0,559
P002,57.7,55.27,0.18,Autumn,0,538
P004,125.81,115.82,0.024,Autumn,0,377
P009,61.86,52.9,0.067,Summer,0,476
P008,31.56,33.53,0.125,Autumn,0,579
P008,158.15,135.16,0.061,Autumn,0,385
P003,87.76,97.43,0.286,Spring,1,650
P007,88.44,77.89,0.299,Spring,0,570
P010,97.64,106.68,0.111,Summer,0,514
P001,166.71,187.09,0.213,Summer,0,471
P004,77.75,66.1,0.122,Spring,0,497
P001,156.45,130.59,0.042,Spring,0,367
P002,189.12,223.13,0.101,Winter,0,418
P010,138.96,136.91,0.07,Summer,0,425
P003,97.7,102.79,0.098,Autumn,1,506
P002,154.6,125.12,0.065,Autumn,0,372
P001,102.42,93.35,0.034,Autumn,0,391
P010,94.6,94.8,0.065,Autumn,0,407
P005,114.55,132.25,0.272,Summer,0,575
P008,77.19,70.13,0.026,Winter,0,439
P003,38.77,43.04,0.097,Summer,0,535
P007,94.67,100.81,0.159,Winter,0,513
P009,42.29,35.78,0.106,Summer,0,561
P007,93.88,86.12,0.155,Spring,0,506
P006,120.25,107.64,0.013,Winter,0,425
P003,187.53,183.22,0.195,Spring,0,447
P003,26.52,27.96,0.169,Winter,0,566
P006,131.86,128.35,0.204,Spring,0,494
P005,102.39,91.93,0.17,Spring,0,467
P001,23.65,25.5,0.131,Autumn,0,573
P002,64.92,67.11,0.105,Winter,0,450
P005,41.33,41.65,0.068,Summer,0,512
P002,59.02,60.3,0.15,Spring,0,531
P006,69.42,61.7,0.008,Spring,0,440
P004,92.24,98.9,0.098,Winter,0,462
P003,115.23,110.04,0.203,Autumn,0,534
P002,20.18,19.08,0.033,Spring,0,548
P006,49.14,42.26,0.019,Summer,0,479
P002,36.84,38.27,0.196,Summer,1,617
P007,118.94,123.82,0.119,Spring,0,436
P010,79.23,74.17,0.241,Winter,0,555
P010,118.71,135.8,0.281,Autumn,0,543
P007,59.93,68.21,0.287,Spring,0,551
P009,24.36,20.55,0.128,Autumn,0,551
P010,189.45,204.23,0.079,Summer,0,389
P007,39.5,37.82,0.183,Spring,0,579
P003,42.83,51.39,0.188,Summer,0,571
P006,46.38,41.28,0.187,Spring,0,546
P009,196.63,179.37,0.097,Spring,0,397
P007,131.18,128.14,0.019,Winter,0,383
P004,129.85,117.84,0.063,Autumn,0,421
P002,197.61,212.79,0.046,Spring,0,331
P002,35.92,35.65,0.037,Winter,0,516
P004,195.41,173.59,0.278,Autumn,0,440
P009,56.72,56.86,0.004,Winter,0,456
P006,132.15,152.7,0.181,Autumn,0,463
P001,95.62,106.8,0.284,Summer,0,562
P010,89.11,89.07,0.108,Autumn,0,504
P005,187.62,171.75,0.158,Autumn,1,440
P004,46.86,40.86,0.209,Autumn,0,571
P009,199.47,229.66,0.095,Spring,0,412
P004,88.24,95.66,0.143,Summer,1,562
P007,136.78,140.73,0.245,Spring,0,532
P010,194.22,223.7,0.224,Summer,0,489
P006,30.37,25.77,0.243,Spring,0,589
P007,186.12,199.71,0.296,Spring,0,528
P004,122.21,108.36,0.111,Winter,0,472
P009,146.79,124.51,0.224,Spring,0,464
P001,46.85,46.21,0.181,Winter,0,526
P003,116.01,110.78,0.2,Spring,0,479
P010,141.23,166.15,0.222,Winter,0,520
P005,102.12,94.93,0.225,Summer,0,553
P002,47.9,53.93,0.266,Autumn,0,574
P005,63.94,70.3,0.105,Summer,0,476
P003,173.79,185.46,0.196,Summer,0,453
P006,26.2,30.61,0.084,Summer,0,559
P003,147.6,142.16,0.178,Autumn,0,455
P004,199.89,191.07,0.225,Summer,0,455
P010,21.35,18.45,0.237,Autumn,0,578
P001,48.99,44.6,0.126,Winter,0,540
P008,141.35,162.82,0.153,Summer,0,483
P001,30.8,30.48,0.1,Summer,0,558
P005,126.16,118.15,0.051,Spring,0,414
P007,143.12,126.87,0.078,Summer,0,420
P010,125.87,125.11,0.274,Spring,1,592
P003,85.73,93.16,0.093,Spring,0,465
P001,145.51,133.09,0.292,Winter,0,521
P008,126.97,140.06,0.072,Spring,0,449
P009,57.37,60.35,0.217,Summer,0,592
P006,121.36,135.32,0.172,Winter,0,492
P001,178.74,160.93,0.209,Winter,1,467
P006,140.03,147.37,0.193,Spring,0,467
P004,104.92,90.39,0.212,Spring,1,550
P005,77.89,73.65,0.272,Summer,0,576
P001,35.46,38.64,0.169,Autumn,0,554
P004,64.03,67.4,0.02,Winter,0,443
P010,22.01,19.26,0.081,Spring,1,567
P001,197.59,225.91,0.212,Spring,0,417
P010,60.05,49.32,0.148,Summer,0,468
P006,166.68,173.03,0.165,Winter,0,432
P006,50.36,60.11,0.179,Spring,0,602
P010,71.05,71.95,0.115,Summer,0,548
P003,95.29,106.75,0.232,Spring,0,522
P010,78.39,81.37,0.217,Spring,0,546
P003,163.7,182.24,0.214,Winter,0,445
P004,192.38,204.35,0.215,Spring,0,429
P005,177.55,191.12,0.267,Summer,0,485
P007,47.64,42.45,0.179,Winter,0,536
P004,159.8,175.26,0.29,Autumn,0,520
P008,46.63,41.74,0.036,Spring,0,500
P001,184.41,219.86,0.19,Summer,1,531
P007,113.22,100.89,0.215,Winter,0,490
P007,80.55,72.07,0.143,Summer,0,511
P006,48.26,55.18,0.086,Autumn,0,494
P007,22.13,19.85,0.165,Autumn,0,537
P008,64.63,61.03,0.109,Autumn,0,472
P010,184.52,200.36,0.273,Spring,0,514
P003,163.51,141.19,0.107,Winter,0,379
P005,194.56,168.03,0.053,Winter,0,280
P006,38.14,37.93,0.173,Spring,0,557
P004,126.59,113.61,0.119,Winter,0,410
P010,66.29,59.28,0.029,Winter,0,494
P006,117.73,94.62,0.169,Autumn,0,456
P006,77.68,73.65,0.161,Summer,0,537
P002,71.02,65.86,0.052,Summer,0,504
P005,123.29,100.17,0.179,Winter,1,495
P007,53.0,55.57,0.17,Spring,0,547
P005,104.44,109.73,0.232,Winter,0,534
P008,137.15,113.6,0.108,Winter,0,415
P002,43.07,39.92,0.075,Autumn,0,518
P002,187.51,215.47,0.285,Summer,0,495
P004,111.03,114.68,0.168,Autumn,0,500
P004,167.52,161.62,0.008,Spring,0,331
P009,137.7,135.78,0.246,Winter,0,507
P009,147.8,130.55,0.059,Summer,1,462
P005,148.9,167.48,0.236,Spring,0,520
P006,177.52,206.92,0.212,Winter,0,475
P003,130.45,151.88,0.291,Autumn,0,561
P006,70.08,62.34,0.29,Autumn,0,585
P008,37.91,35.04,0.082,Spring,0,553
P008,129.13,111.6,0.23,Winter,0,488
P010,31.94,29.48,0.095,Autumn,0,533
P006,63.43,59.19,0.189,Winter,0,550
P004,30.93,32.58,0.179,Winter,0,550
P001,118.8,104.05,0.016,Spring,1,420
P007,48.86,57.06,0.002,Spring,0,497
P009,129.87,109.25,0.017,Winter,0,369
P006,162.36,130.33,0.038,Autumn,0,320
P010,167.94,191.78,0.077,Summer,0,417
P004,75.72,81.89,0.272,Summer,0,608
P001,118.81,111.94,0.156,Autumn,0,437
P007,121.34,125.98,0.239,Winter,0,534
P002,105.12,93.5,0.251,Spring,1,529
P001,137.92,119.63,0.22,Autumn,0,472
P008,57.82,57.15,0.117,Winter,0,546
P005,196.26,184.73,0.259,Summer,1,518
P007,37.65,39.39,0.223,Summer,0,588
